Season,Tm,FG,FGA,FG%,3P,3PA,3P%,Less than 8ft. usage %,8-16 feet usage %,16-24 feet usage %,24+ feet usage %,Back Court Shots usage %,Avg. Shot Dis.(ft.)
2016-17,ATL,38.6,84.3,0.458,8.7,26.1,0.333,40.43,13.64,15.14,30.73,0.06,12.64
2015-16,ATL,38.6,84.4,0.458,9.9,28.4,0.35,41.75,10.71,13.84,33.45,0.25,12.76
2014-15,ATL,38.1,81.7,0.466,10,26.2,0.38,41.85,10.93,15.09,32.08,0.04,12.75
2013-14,ATL,37.3,81.6,0.458,9.4,25.8,0.363,39.91,13.98,14.48,31.43,0.19,12.91
2012-13,ATL,37.6,81,0.464,8.6,23.2,0.371,40.43,10.19,20.77,28.42,0.2,12.95
2011-12,ATL,36.8,81,0.454,7.5,20.2,0.37,40.03,10.42,24.68,24.68,0.19,12.76
2010-11,ATL,36.2,78.4,0.462,6.1,17.4,0.352,36.76,13.69,27.36,21.98,0.2,13.03
2009-10,ATL,38.8,82.9,0.468,6.4,17.7,0.36,42.54,12.43,23.67,21.09,0.28,11.85
2008-09,ATL,36,78.7,0.458,7.3,19.9,0.366,38.22,14.58,21.93,24.96,0.31,12.84
2007-08,ATL,36.3,79.9,0.454,4.7,13.1,0.356,43.25,14.27,26.08,16.04,0.35,11.17
2006-07,ATL,34.5,77.7,0.444,4.2,12.7,0.329,42.67,11.66,29.43,16.07,0.17,11.36
2005-06,ATL,35.9,79.2,0.454,5.2,14.1,0.367,45.15,14.04,23.03,17.53,0.25,11
2004-05,ATL,35.9,81.4,0.441,3.7,11.9,0.312,48.5,16.55,20.37,14.24,0.34,10.05
2003-04,ATL,34.5,79.6,0.433,5.1,15.2,0.335,41.33,18.91,20.49,19.21,0.06,11.32
2002-03,ATL,34.9,78.5,0.444,4.9,13.9,0.352,38.37,22.46,21.46,17.45,0.25,11.57
2001-02,ATL,35.4,80.6,0.439,5.2,14.6,0.354,44.24,18.6,19.14,17.88,0.14,10.8
2000-01,ATL,35.1,81.3,0.431,4.1,11.4,0.357,39.48,26.81,19.62,13.84,0.24,11.02
1999-00,ATL,36.6,83,0.441,3.1,9.9,0.317,37.02,29.35,21.72,11.66,0.25,11.1
1998-99,ATL,30.8,75.2,0.409,3.9,12.9,0.306,40.1,22.17,20.64,16.73,0.35,11.4
1997-98,ATL,35.2,77.5,0.455,4.1,12.4,0.332,44.06,22.58,17.45,15.72,0.2,10.51
1996-97,ATL,34.3,76.9,0.446,8,22.4,0.359,40.95,16.55,25.08,17.19,0.22,11.57
1995-96,ATL,36.4,81.3,0.448,6.9,19.5,0.355,0,0,0,0,0,0
1994-95,ATL,36.4,81.5,0.447,6.6,19.3,0.341,0,0,0,0,0,0
1993-94,ATL,39.6,85.8,0.461,3.3,10.1,0.323,0,0,0,0,0,0
1992-93,ATL,41.4,88.7,0.466,4.7,13.1,0.355,0,0,0,0,0,0
1991-92,ATL,42.6,91.2,0.467,2.6,8.2,0.313,0,0,0,0,0,0
1990-91,ATL,40.8,88.1,0.464,3.3,10.2,0.324,0,0,0,0,0,0
1989-90,ATL,41.7,85.6,0.487,1.5,5,0.302,0,0,0,0,0,0
1988-89,ATL,41.6,88.2,0.472,1.3,4.8,0.277,0,0,0,0,0,0
1987-88,ATL,42,86.6,0.485,1,3.4,0.301,0,0,0,0,0,0
1986-87,ATL,41.9,87.1,0.481,1.6,5.2,0.318,0,0,0,0,0,0
1985-86,ATL,42,85.7,0.49,0.4,2,0.199,0,0,0,0,0,0
1984-85,ATL,42,86.8,0.484,0.9,2.9,0.311,0,0,0,0,0,0
1983-84,ATL,39.4,83,0.474,0.3,1.3,0.217,0,0,0,0,0,0
1982-83,ATL,40.9,87.1,0.469,0.5,2.3,0.239,0,0,0,0,0,0
1981-82,ATL,39.1,82.6,0.474,0.3,1.6,0.219,0,0,0,0,0,0
1980-81,ATL,40.1,83.7,0.479,0.1,1,0.122,0,0,0,0,0,0
1979-80,ATL,39.8,85.7,0.464,0.2,0.9,0.173,0,0,0,0,0,0
2016-17,BOS,38.8,86.3,0.449,11.3,31.2,0.361,40.79,9.79,13.21,35.82,0.39,13.42
2015-16,BOS,39.2,89.2,0.439,8.7,26.1,0.335,42.73,12.51,15.55,29,0.21,12.43
2014-15,BOS,38.9,87.9,0.443,8,24.6,0.327,39.64,13.03,19.33,27.79,0.22,12.84
2013-14,BOS,36.5,83.9,0.435,7,21.1,0.333,39.44,13.56,21.89,24.89,0.22,12.77
2012-13,BOS,37,79.7,0.465,6.1,17.2,0.358,38.49,16.1,23.88,21.15,0.37,12.39
2011-12,BOS,35.5,77.1,0.46,5.5,15,0.367,36.28,17.72,26.58,19.31,0.12,12.41
2010-11,BOS,36.9,75.8,0.486,5,13.6,0.365,42.11,14.52,25.37,17.86,0.13,11.58
2009-10,BOS,37.1,76.8,0.483,6.1,17.5,0.348,44.56,14,18.63,22.57,0.24,11.47
2008-09,BOS,37.5,77.2,0.486,6.6,16.5,0.397,42.35,14.01,22.26,21.27,0.11,11.66
2007-08,BOS,36.4,76.7,0.475,7.3,19.1,0.381,41,13.09,21.01,24.61,0.29,12.24
2006-07,BOS,34.9,78.7,0.443,5.7,15.6,0.367,43.43,13.67,23.04,19.57,0.29,11.61
2005-06,BOS,36,77.1,0.467,5.7,15.7,0.362,43.57,13.33,22.71,20.11,0.29,11.55
2004-05,BOS,37.1,79.4,0.468,5.3,15.3,0.349,45.56,13.99,21.24,18.95,0.25,10.96
2003-04,BOS,34.7,78.2,0.443,6.7,19.5,0.346,38.24,14.64,22.21,24.68,0.23,12.62
2002-03,BOS,32.9,79.4,0.415,8.8,26.3,0.334,37.02,14.87,14.96,32.81,0.34,13.34
2001-02,BOS,34.8,82.1,0.424,8.5,23.7,0.359,39.21,13.7,18.21,28.54,0.34,12.82
2000-01,BOS,33.8,79.1,0.428,7.2,19.9,0.363,42.08,14.76,17.98,24.92,0.26,12.11
1999-00,BOS,37.2,83.9,0.444,5.1,15.4,0.331,45.64,17.66,18.44,18.14,0.12,10.94
1998-99,BOS,36.3,83.3,0.436,5.5,15.2,0.36,44.45,19.09,18.35,17.96,0.14,10.95
1997-98,BOS,36.7,84.6,0.434,5.1,15.2,0.332,44.22,16.47,21.29,17.84,0.19,11.13
1996-97,BOS,37.4,85,0.44,5.7,16.2,0.351,56.72,13.88,17.54,11.81,0.06,8.26
1995-96,BOS,38.6,84.7,0.456,6.6,17.7,0.371,0,0,0,0,0,0
1994-95,BOS,38.8,83.5,0.464,4.4,12,0.368,0,0,0,0,0,0
1993-94,BOS,40.6,86.1,0.472,1.7,5.8,0.289,0,0,0,0,0,0
1992-93,BOS,42.1,86.5,0.487,1.3,4.7,0.287,0,0,0,0,0,0
1991-92,BOS,43.2,87.8,0.492,1.3,4.4,0.306,0,0,0,0,0,0
1990-91,BOS,45.1,88,0.512,1.3,4.2,0.315,0,0,0,0,0,0
1989-90,BOS,43.5,87.2,0.498,1.3,4.9,0.262,0,0,0,0,0,0
1988-89,BOS,42.9,87.1,0.493,1,3.8,0.252,0,0,0,0,0,0
1987-88,BOS,43.9,84.2,0.521,3.3,8.6,0.384,0,0,0,0,0,0
1986-87,BOS,44.5,86,0.517,2.5,6.9,0.366,0,0,0,0,0,0
1985-86,BOS,45.3,89.2,0.508,1.7,4.8,0.351,0,0,0,0,0,0
1984-85,BOS,45.4,89.3,0.508,1.3,3.8,0.356,0,0,0,0,0,0
1983-84,BOS,44.1,88.2,0.5,0.7,2.8,0.24,0,0,0,0,0,0
1982-83,BOS,45.3,92,0.492,0.5,2.3,0.21,0,0,0,0,0,0
1981-82,BOS,44.6,89.4,0.499,0.6,2.2,0.266,0,0,0,0,0,0
1980-81,BOS,43.7,86.6,0.504,0.8,2.9,0.27,0,0,0,0,0,0
1979-80,BOS,44.1,90.1,0.49,2,5.1,0.384,0,0,0,0,0,0
2016-17,BRK,38,86.8,0.438,11.5,34.6,0.332,43.92,9.03,7.13,39.78,0.14,13.22
2015-16,BRK,38.2,84.4,0.453,6.5,18.4,0.352,43.68,16.32,18.1,21.68,0.23,11.66
2014-15,BRK,37.4,83,0.451,6.6,19.9,0.331,42.64,17.05,16.31,23.63,0.37,11.92
2013-14,BRK,35.7,77.9,0.459,8.6,23.4,0.369,38.48,15.45,16.01,29.69,0.38,13.09
2012-13,BRK,35.9,79.8,0.45,7.7,21.5,0.357,43.28,14.49,15.36,26.66,0.2,12.16
2011-12,NJN,34.3,80.6,0.425,7.7,22.4,0.342,35.81,15.71,20.64,27.67,0.17,13.3
2010-11,NJN,35.6,81,0.44,5.6,16.3,0.343,40.15,17.18,22.54,19.8,0.34,12.25
2009-10,NJN,34.3,79.9,0.429,4.6,14.5,0.318,42.58,16.62,22.67,17.92,0.22,11.03
2008-09,NJN,35.7,79.7,0.448,8,21.2,0.376,38.61,13.34,21.56,26.3,0.18,12.45
2007-08,NJN,34.8,78.7,0.443,6.1,17.4,0.348,41.01,11.22,25.58,21.74,0.45,12.06
2006-07,NJN,35.5,77.8,0.457,7.4,20.4,0.363,39.93,9.86,23.98,26.02,0.2,12.49
2005-06,NJN,33.9,77,0.44,5.8,17.6,0.33,38.55,12.93,25.71,22.49,0.32,12.53
2004-05,NJN,33.6,78.3,0.429,5.3,14.7,0.362,36.43,15.11,29.8,18.39,0.27,12.53
2003-04,NJN,34.3,77.7,0.441,4.6,13.7,0.336,41.26,14.39,26.74,17.31,0.3,11.53
2002-03,NJN,35.4,80.3,0.441,4.2,12.7,0.332,43.28,15.2,25.8,15.52,0.2,10.96
2001-02,NJN,37.1,83.1,0.446,4.9,14.6,0.338,42.15,17.39,22.98,17.11,0.38,11.24
2000-01,NJN,33.9,79.9,0.425,4.4,13.2,0.333,41.63,17.54,24.29,16.29,0.24,11.27
1999-00,NJN,36.3,83.9,0.433,5.8,16.8,0.347,38.38,13.57,28.16,19.74,0.15,12.27
1998-99,NJN,33.8,83.2,0.406,4.5,13.6,0.331,40.86,15.81,26.87,16.3,0.15,11.55
1997-98,NJN,37.3,84.5,0.441,3.8,11.4,0.331,41.99,20.5,24.1,13.21,0.2,10.76
1996-97,NJN,36.5,86.5,0.422,5.9,16.7,0.353,42.63,21.44,24.81,10.97,0.16,10.49
1995-96,NJN,35.1,82.3,0.427,3,9.1,0.335,0,0,0,0,0,0
1994-95,NJN,35.8,82.2,0.436,5,15.8,0.319,0,0,0,0,0,0
1993-94,NJN,38.6,86.8,0.445,2.7,8.3,0.327,0,0,0,0,0,0
1992-93,NJN,39.9,86.4,0.462,1.9,6,0.318,0,0,0,0,0,0
1991-92,NJN,42.4,92.4,0.458,2.7,8.2,0.334,0,0,0,0,0,0
1990-91,NJN,40.4,91,0.444,2,7.1,0.275,0,0,0,0,0,0
1989-90,NJN,38.5,90.4,0.426,1.7,6.2,0.277,0,0,0,0,0,0
1988-89,NJN,40.6,88.1,0.461,2.3,6.9,0.329,0,0,0,0,0,0
1987-88,NJN,39.1,83.6,0.468,1.7,5.5,0.301,0,0,0,0,0,0
1986-87,NJN,41.1,86.4,0.476,1.8,5.5,0.323,0,0,0,0,0,0
1985-86,NJN,43.3,89,0.486,0.5,2.6,0.201,0,0,0,0,0,0
1984-85,NJN,44.5,90.8,0.49,0.6,2.7,0.232,0,0,0,0,0,0
1983-84,NJN,44.1,88.5,0.498,0.6,2.8,0.211,0,0,0,0,0,0
1982-83,NJN,42.8,87.1,0.492,0.4,1.8,0.201,0,0,0,0,0,0
1981-82,NJN,42.7,88.1,0.484,0.4,1.8,0.205,0,0,0,0,0,0
1980-81,NJN,42.4,89.2,0.475,0.4,1.7,0.246,0,0,0,0,0,0
1979-80,NJN,42.1,91.5,0.461,1,3.6,0.285,0,0,0,0,0,0
1978-79,NJN,42.2,91.7,0.46,0,0,0,0,0,0,0,0,0
1977-78,NJN,43.3,97.6,0.443,0,0,0,0,0,0,0,0,0
1976-77,NYN,37.8,88.1,0.429,0,0,0,0,0,0,0,0,0
1975-76,NYA,44.7,97,0.46,1.3,4.4,0.298,0,0,0,0,0,0
1974-75,NYA,46.2,94.6,0.488,0.8,3,0.274,0,0,0,0,0,0
1973-74,NYA,45.9,95.7,0.48,1,3,0.316,0,0,0,0,0,0
1972-73,NYA,40.5,84.2,0.481,0.6,2.1,0.282,0,0,0,0,0,0
1971-72,NYA,44,91.6,0.48,1.1,3.8,0.289,0,0,0,0,0,0
1970-71,NYA,43.3,91.7,0.472,0.5,2,0.224,0,0,0,0,0,0
1969-70,NYA,42.2,93.5,0.451,0.8,3.4,0.248,0,0,0,0,0,0
1968-69,NYA,40.4,97,0.416,1,3.4,0.292,0,0,0,0,0,0
1967-68,NJA,40.9,99.1,0.413,1.6,5.8,0.274,0,0,0,0,0,0
2016-17,CHO,37.5,85.6,0.438,10.2,28.9,0.354,39.97,11.55,14.73,33.55,0.19,13.18
2015-16,CHO,37,84.4,0.439,10.6,29.4,0.362,36.4,13.29,15.52,34.64,0.14,13.73
2014-15,CHO,35.5,84.5,0.42,6.1,19.1,0.318,37.61,16.42,23.38,22.33,0.26,12.75
2013-14,CHA,36.3,82.1,0.442,6.3,17.9,0.351,40.81,15.55,21.82,21.55,0.27,12.15
2012-13,CHA,34.4,81.1,0.425,5.7,17.1,0.335,43,14.78,21.18,20.77,0.27,11.71
2011-12,CHA,33.2,80.2,0.414,4,13.5,0.295,38.84,13.43,30.87,16.59,0.26,12.3
2010-11,CHA,35,77.6,0.451,4.8,14.7,0.327,45.33,12.32,23.46,18.56,0.33,11.46
2009-10,CHA,34.9,76.9,0.453,5.6,16.2,0.346,48.1,10.53,20.27,20.76,0.33,10.73
2008-09,CHA,35,76.8,0.455,6,16.3,0.366,45.5,11.37,21.89,20.84,0.4,11.23
2007-08,CHA,36.1,79.9,0.452,6.5,17.6,0.367,41.75,13.37,22.89,21.85,0.15,11.69
2006-07,CHA,36.1,81,0.446,5.6,15.6,0.357,42.98,12.86,24.96,19,0.21,11.41
2005-06,CHA,36.1,83.5,0.433,5.2,15.4,0.339,41.58,13.93,26.09,18.05,0.34,11.56
2004-05,CHA,36.1,83.6,0.432,3.9,10.7,0.363,38.97,18.84,29.39,12.67,0.13,11.38
2001-02,CHH,35.3,80.2,0.44,4.2,12.1,0.348,39.98,20.15,24.79,14.94,0.14,11.21
2000-01,CHH,34.1,79.3,0.431,4.1,12,0.346,36.3,22.07,26.5,14.94,0.18,11.86
1999-00,CHH,35.8,79.7,0.449,4.1,12.2,0.339,39.92,24.51,20.36,15.02,0.2,11.02
1998-99,CHH,33.4,74.4,0.449,5.4,14.7,0.365,37.2,21.56,21.42,19.69,0.14,11.96
1997-98,CHH,36.2,77.4,0.468,4.2,11,0.383,44.49,20.21,21.09,14.06,0.15,10.38
1996-97,CHH,36.4,77.3,0.471,7.2,16.9,0.428,51.9,14.16,24.73,9.12,0.09,9.07
1995-96,CHH,37.9,80.7,0.47,7.1,18.5,0.384,0,0,0,0,0,0
1994-95,CHH,37.2,78.5,0.474,6.8,17.2,0.397,0,0,0,0,0,0
1993-94,CHH,41.2,86.6,0.476,4.1,11.2,0.367,0,0,0,0,0,0
1992-93,CHH,42.8,87.9,0.487,2.1,6.5,0.326,0,0,0,0,0,0
1991-92,CHH,44.1,92.3,0.477,1.4,4.5,0.317,0,0,0,0,0,0
1990-91,CHH,40.1,85.8,0.467,1.6,5.1,0.314,0,0,0,0,0,0
1989-90,CHH,39.9,87.6,0.455,2.5,7.5,0.336,0,0,0,0,0,0
1988-89,CHH,41.8,90.6,0.461,1.6,5.2,0.312,0,0,0,0,0,0
2016-17,CHI,38.7,88.5,0.437,7.1,21.2,0.333,41.76,14.76,19.61,23.67,0.2,12.13
2015-16,CHI,38.6,87.4,0.441,7.9,21.4,0.371,41.5,15.43,18.51,24.11,0.45,12.32
2014-15,CHI,36.6,82.9,0.442,7.9,22.3,0.353,43.71,13.09,16.33,26.51,0.35,12.18
2013-14,CHI,34.7,80.2,0.432,6.2,17.8,0.348,42.04,13.61,22.17,21.83,0.35,12.18
2012-13,CHI,35.7,81.7,0.437,5.4,15.4,0.353,41.68,16.84,22.59,18.63,0.25,11.73
2011-12,CHI,37.4,82.8,0.452,6.3,16.9,0.375,40.93,14.61,24.02,20.12,0.31,12.1
2010-11,CHI,37.1,80.3,0.462,6.2,17.3,0.361,42.96,12.63,22.82,21.22,0.37,12.07
2009-10,CHI,37.6,83.2,0.451,4.3,13,0.33,40.09,14.33,29.97,15.43,0.18,11.5
2008-09,CHI,38.1,83.5,0.457,6,15.8,0.381,38.75,13.12,29.34,18.51,0.28,12.06
2007-08,CHI,36.4,83.7,0.435,5.8,15.9,0.363,37.25,15.6,28.16,18.74,0.25,12.21
2006-07,CHI,37.1,81.3,0.457,5.9,15.1,0.388,36.92,15.04,29.51,18.27,0.27,12.32
2005-06,CHI,36.6,82.2,0.446,6.8,18,0.379,37.01,14.1,26.97,21.64,0.28,12.65
2004-05,CHI,34.7,80.4,0.432,6.2,17.5,0.357,39.49,17.4,21.44,21.51,0.17,11.94
2003-04,CHI,34.1,82.4,0.414,5.2,15.3,0.342,37.61,17.81,25.92,18.42,0.24,12.11
2002-03,CHI,36.5,81.9,0.445,4.3,12.2,0.35,44.88,19.24,21.05,14.61,0.22,10.59
2001-02,CHI,34.3,79.2,0.433,3.7,10.6,0.346,36.77,19.9,30,13.18,0.16,11.66
2000-01,CHI,33.2,78.2,0.424,4,11.6,0.346,37.75,22.4,25.07,14.58,0.2,11.59
1999-00,CHI,31.3,75.4,0.415,4.1,12.6,0.329,42.17,19.27,21.86,16.54,0.16,11.1
1998-99,CHI,30.8,76.7,0.401,3.5,12.2,0.289,40.17,21.09,22.84,15.77,0.13,11.27
1997-98,CHI,37.4,82.9,0.451,3.8,11.7,0.323,38.17,22.9,24.84,13.93,0.17,11.25
1996-97,CHI,40,84.4,0.473,6.4,17.1,0.373,35.86,25.4,28.98,9.72,0.04,11.33
1995-96,CHI,40.2,84,0.478,6.6,16.5,0.403,0,0,0,0,0,0
1994-95,CHI,38.9,81.8,0.476,5.4,14.5,0.373,0,0,0,0,0,0
1993-94,CHI,39.6,83.1,0.476,2.8,8,0.354,0,0,0,0,0,0
1992-93,CHI,42.4,87.9,0.482,3,8.2,0.365,0,0,0,0,0,0
1991-92,CHI,44.4,87.4,0.508,1.7,5.5,0.304,0,0,0,0,0,0
1990-91,CHI,44.3,86.9,0.51,1.9,5.2,0.366,0,0,0,0,0,0
1989-90,CHI,43.1,86.5,0.498,3,8.2,0.374,0,0,0,0,0,0
1988-89,CHI,42,85,0.495,2.1,6.5,0.328,0,0,0,0,0,0
1987-88,CHI,41.9,85.5,0.49,0.7,3,0.23,0,0,0,0,0,0
1986-87,CHI,41.2,87.3,0.473,1,3.6,0.261,0,0,0,0,0,0
1985-86,CHI,42.4,88.1,0.481,1.1,3.9,0.278,0,0,0,0,0,0
1984-85,CHI,42.1,84.3,0.5,0.4,2,0.18,0,0,0,0,0,0
1983-84,CHI,40.3,85,0.474,0.2,1.4,0.171,0,0,0,0,0,0
1982-83,CHI,43.1,89.9,0.48,0.5,2.5,0.215,0,0,0,0,0,0
1981-82,CHI,41.1,82,0.501,0.7,2.6,0.254,0,0,0,0,0,0
1980-81,CHI,42.2,84.2,0.501,0.5,2.2,0.212,0,0,0,0,0,0
1979-80,CHI,41,84.7,0.484,0.9,3.4,0.255,0,0,0,0,0,0
2016-17,CLE,39.2,86.9,0.451,13.8,35.4,0.39,35.71,12.1,11.52,40.46,0.22,14.34
2015-16,CLE,38.7,84,0.46,10.7,29.6,0.362,39.39,12.83,12.52,35.09,0.17,13.33
2014-15,CLE,37.7,82.2,0.458,10.1,27.5,0.367,41.88,12.35,12.33,33.3,0.15,12.77
2013-14,CLE,37,84.8,0.437,7.1,20,0.356,40.65,16.09,19.69,23.22,0.35,12.3
2012-13,CLE,36.5,84.2,0.434,6.7,19.3,0.346,42.5,15.82,18.77,22.74,0.17,11.89
2011-12,CLE,34.3,81.2,0.422,6.7,19.3,0.346,48.2,11.49,16.67,23.53,0.09,11.21
2010-11,CLE,35.2,81.1,0.434,6.2,18.2,0.342,43.51,13.77,20.29,22.27,0.17,11.85
2009-10,CLE,37.8,77.9,0.485,7.3,19.3,0.381,42.21,11.56,21.47,24.51,0.25,12.06
2008-09,CLE,36.9,78.7,0.468,8,20.4,0.393,34.91,13.09,26.17,25.66,0.17,13.32
2007-08,CLE,35.8,81.7,0.439,6.7,18.8,0.358,38.83,14.33,23.81,22.84,0.2,12.28
2006-07,CLE,36.3,81.2,0.447,6,17.1,0.352,41.46,16.05,21.46,20.78,0.24,11.65
2005-06,CLE,35.5,78.2,0.454,6.1,17.9,0.339,43.89,13.55,19.71,22.57,0.28,11.49
2004-05,CLE,36.5,81.5,0.447,3.7,11,0.332,43.19,20.01,23.25,13.43,0.12,10.74
2003-04,CLE,35.6,82.4,0.433,3,9.6,0.314,44.57,24.14,19.64,11.42,0.24,10.16
2002-03,CLE,34.8,82.3,0.422,3.6,10.9,0.327,42.08,22.98,21.69,12.81,0.44,10.74
2001-02,CLE,36,80.3,0.448,4.7,12.5,0.377,35.83,24.43,24.13,15.18,0.43,11.97
2000-01,CLE,35.2,79.7,0.442,2.7,8,0.334,43.71,23.41,22.81,9.68,0.4,10.44
1999-00,CLE,36.3,82.1,0.442,4.2,11.2,0.373,43.8,19.72,22.77,13.56,0.15,10.71
1998-99,CLE,31.2,71.2,0.439,3.6,10.7,0.341,44.46,19.53,21.06,14.71,0.23,10.56
1997-98,CLE,34.4,75.7,0.454,3.6,9.8,0.372,46.46,22.36,18.29,12.65,0.24,10.01
1996-97,CLE,33,72.8,0.453,5.9,15.7,0.376,40.49,17.06,33.69,8.64,0.12,11.29
1995-96,CLE,33.7,73.1,0.46,7.3,19.3,0.377,0,0,0,0,0,0
1994-95,CLE,33.6,76.3,0.441,4.9,12.6,0.385,0,0,0,0,0,0
1993-94,CLE,38.2,82.1,0.465,3.6,9.9,0.362,0,0,0,0,0,0
1992-93,CLE,41.8,84,0.497,3.5,9,0.381,0,0,0,0,0,0
1991-92,CLE,41.8,85.7,0.488,3.1,8.6,0.357,0,0,0,0,0,0
1990-91,CLE,39.7,83.6,0.475,2,5.8,0.334,0,0,0,0,0,0
1989-90,CLE,39.2,85.1,0.461,4.2,10.4,0.407,0,0,0,0,0,0
1988-89,CLE,42.3,84.2,0.502,2.1,5.8,0.359,0,0,0,0,0,0
1987-88,CLE,40.4,82.4,0.49,1.5,4.1,0.378,0,0,0,0,0,0
1986-87,CLE,40.8,86.9,0.47,1,4.1,0.24,0,0,0,0,0,0
1985-86,CLE,42.4,88.3,0.48,1.6,4.8,0.338,0,0,0,0,0,0
1984-85,CLE,42.3,89.8,0.471,1.2,4.1,0.287,0,0,0,0,0,0
1983-84,CLE,41,88.2,0.465,0.5,2,0.262,0,0,0,0,0,0
1982-83,CLE,39.7,85.3,0.465,0.4,1.5,0.25,0,0,0,0,0,0
1981-82,CLE,41.5,89.4,0.464,0.3,1.7,0.182,0,0,0,0,0,0
1980-81,CLE,43.4,92.8,0.467,0.9,3,0.289,0,0,0,0,0,0
1979-80,CLE,46.5,98.1,0.474,0.4,2.3,0.193,0,0,0,0,0,0
2016-17,DAL,33.9,82.5,0.411,9.2,29.2,0.316,31.36,14.61,18.6,35.21,0.21,14.6
2015-16,DAL,37.4,84.1,0.444,9.8,28.6,0.344,35.79,14.47,15.87,33.6,0.28,13.71
2014-15,DAL,39.7,85.8,0.463,8.9,25.4,0.352,40.05,12.17,18.18,29.46,0.14,12.81
2013-14,DAL,39.6,83.6,0.474,8.8,22.9,0.384,38.08,17.25,17.3,27.13,0.25,12.77
2012-13,DAL,38.8,84,0.462,7.4,19.9,0.372,37.74,20.43,18.2,23.33,0.3,12.55
2011-12,DAL,36.3,82,0.443,7.5,22.2,0.339,36.34,19.15,17.43,26.85,0.23,12.9
2010-11,DAL,37.4,78.8,0.475,7.9,21.6,0.365,35.7,17.1,19.85,27.05,0.31,13.12
2009-10,DAL,38.3,82.4,0.464,6.8,18.3,0.372,36.72,18.34,22.85,21.85,0.24,12.33
2008-09,DAL,38.1,82.6,0.462,7,19.9,0.35,32.79,18.97,24.15,23.83,0.27,13
2007-08,DAL,36.9,79.5,0.464,6,17.1,0.352,33.36,20.65,24.38,21.22,0.39,12.72
2006-07,DAL,36.7,78.6,0.467,6.5,17.1,0.381,34.28,19.37,24.62,21.44,0.29,12.62
2005-06,DAL,36,77.7,0.462,5.1,13.6,0.374,38.6,22.13,21.8,17.1,0.36,11.49
2004-05,DAL,37.3,81.6,0.457,5.6,15.5,0.364,38.39,18.29,24.18,18.8,0.33,11.92
2003-04,DAL,40.5,88.2,0.459,6.2,17.8,0.348,40.97,16.97,22.02,19.71,0.33,11.73
2002-03,DAL,38.5,85.1,0.453,7.8,20.3,0.381,34.82,17.22,24.16,23.62,0.19,12.82
2001-02,DAL,39,84.5,0.462,7.6,20.1,0.378,36.15,18.69,21.5,23.46,0.2,12.43
2000-01,DAL,37.6,81.9,0.459,6.3,16.5,0.381,37.75,21.08,20.96,19.95,0.25,11.95
1999-00,DAL,39,85.9,0.453,6.3,16.2,0.391,35.94,23.44,21.84,18.6,0.17,12.07
1998-99,DAL,35,80.7,0.434,4,11.9,0.339,37.25,22.79,25.19,14.53,0.24,11.64
1997-98,DAL,35.1,82.4,0.427,5.1,14.4,0.357,33.84,21.6,27.15,17.26,0.14,12.32
1996-97,DAL,34.3,78.7,0.436,5.2,16,0.327,42.74,20.57,27.02,9.46,0.22,10.65
1995-96,DAL,38.1,90.6,0.42,9,24.9,0.36,0,0,0,0,0,0
1994-95,DAL,39.4,89.5,0.44,4.7,14.6,0.322,0,0,0,0,0,0
1993-94,DAL,37.3,86.2,0.432,2.9,9.4,0.312,0,0,0,0,0,0
1992-93,DAL,38.6,88.7,0.435,3.5,10.2,0.338,0,0,0,0,0,0
1991-92,DAL,38,86.6,0.439,3.3,9.7,0.336,0,0,0,0,0,0
1990-91,DAL,39.6,84,0.471,2.4,7.3,0.322,0,0,0,0,0,0
1989-90,DAL,39.6,83.3,0.475,1.9,5.9,0.323,0,0,0,0,0,0
1988-89,DAL,39.6,84.4,0.469,2.6,8.3,0.31,0,0,0,0,0,0
1987-88,DAL,41.6,87.7,0.475,1.9,6.4,0.293,0,0,0,0,0,0
1986-87,DAL,43.8,89.9,0.487,2.8,8,0.354,0,0,0,0,0,0
1985-86,DAL,44.3,88.5,0.501,1.7,5.4,0.316,0,0,0,0,0,0
1984-85,DAL,43.4,88.8,0.489,1.9,5.4,0.343,0,0,0,0,0,0
1983-84,DAL,44.1,88.2,0.5,0.5,2.2,0.228,0,0,0,0,0,0
1982-83,DAL,44.8,92.1,0.487,0.5,2.3,0.232,0,0,0,0,0,0
1981-82,DAL,41.3,88.1,0.469,0.7,2.3,0.289,0,0,0,0,0,0
1980-81,DAL,39.1,84.5,0.462,0.6,2,0.279,0,0,0,0,0,0
2016-17,DEN,38.3,88.5,0.433,8.9,25.1,0.357,48.58,11.34,11.66,28.1,0.32,11.59
2015-16,DEN,37.7,85.4,0.442,8,23.7,0.338,47.41,10.53,14.18,27.6,0.29,11.81
2014-15,DEN,37.8,87.3,0.433,8,24.8,0.325,44.48,11.99,15.13,28.09,0.31,12.26
2013-14,DEN,38.4,85.9,0.447,8.6,23.9,0.358,46.46,10.71,15,27.51,0.33,12.02
2012-13,DEN,40.7,85.2,0.478,6.4,18.5,0.343,55.74,11.02,11.53,21.37,0.34,9.86
2011-12,DEN,39,81.9,0.476,6.6,19.9,0.332,53.16,10.11,12.49,23.84,0.41,10.53
2010-11,DEN,38.4,80.6,0.476,8.1,20.8,0.388,46.33,9.34,18.61,25.45,0.27,11.83
2009-10,DEN,38.1,81.4,0.468,6.6,18.5,0.359,42.68,12.85,21.74,22.46,0.27,11.7
2008-09,DEN,37.3,79.4,0.47,6.7,18,0.371,44.72,11.03,21.58,22.32,0.35,11.44
2007-08,DEN,40.3,85.8,0.47,6.9,19.6,0.355,43.14,13.27,20.82,22.26,0.51,11.55
2006-07,DEN,38.6,83,0.465,5.9,17.6,0.336,45.17,12.3,21.41,20.81,0.31,11.12
2005-06,DEN,37.5,81.4,0.461,4.3,13.1,0.325,43.23,12.66,28,15.77,0.34,11.06
2004-05,DEN,37,80.7,0.459,3.9,11.5,0.34,43.93,14.48,27.39,13.85,0.35,10.77
2003-04,DEN,36.5,82.5,0.443,4,12,0.336,42.69,15.66,27.2,14.25,0.19,10.99
2002-03,DEN,32.8,79.8,0.411,2.8,10,0.278,43.55,16.58,27.24,12.5,0.12,10.89
2001-02,DEN,35.5,83.8,0.424,5.2,15.7,0.329,41.31,15.44,24.54,18.4,0.31,11.62
2000-01,DEN,36.3,83.9,0.433,6.2,17.6,0.355,39.36,17.52,22.12,20.92,0.07,11.89
1999-00,DEN,37.3,84.3,0.442,5.7,17,0.336,41.57,19.39,18.84,20,0.2,11.4
1998-99,DEN,33.6,79.8,0.421,6,18.4,0.328,39.2,17.97,19.61,23.09,0.13,12.08
1997-98,DEN,32.6,78.2,0.417,3.5,10.9,0.323,37.3,22.01,26.74,13.78,0.17,11.59
1996-97,DEN,35.8,81.5,0.439,7.8,20.9,0.372,38.13,19.02,29.31,13.38,0.15,11.86
1995-96,DEN,36.6,81.2,0.451,4.8,14,0.346,0,0,0,0,0,0
1994-95,DEN,37.8,78.8,0.479,5,14.1,0.356,0,0,0,0,0,0
1993-94,DEN,38.5,82.7,0.465,2.1,7.3,0.285,0,0,0,0,0,0
1992-93,DEN,40.9,88.8,0.46,1.7,5.5,0.304,0,0,0,0,0,0
1991-92,DEN,39.8,90,0.442,1.5,5.1,0.301,0,0,0,0,0,0
1990-91,DEN,47.6,108.1,0.44,3.7,12.9,0.283,0,0,0,0,0,0
1989-90,DEN,45.3,97.7,0.464,2.8,8.3,0.337,0,0,0,0,0,0
1988-89,DEN,46.5,99.3,0.468,2.8,8.2,0.337,0,0,0,0,0,0
1987-88,DEN,46,97.1,0.474,2.3,6.9,0.342,0,0,0,0,0,0
1986-87,DEN,45.7,97,0.471,1.3,4.8,0.271,0,0,0,0,0,0
1985-86,DEN,45.2,96,0.471,0.9,3.7,0.233,0,0,0,0,0,0
1984-85,DEN,47.3,97.3,0.486,0.9,2.9,0.311,0,0,0,0,0,0
1983-84,DEN,48,97.4,0.493,0.9,3.1,0.302,0,0,0,0,0,0
1982-83,DEN,48.2,97.5,0.494,0.3,1.5,0.19,0,0,0,0,0,0
1981-82,DEN,48.5,93.4,0.52,0.5,1.8,0.268,0,0,0,0,0,0
1980-81,DEN,46.1,97.1,0.475,0.4,1.8,0.207,0,0,0,0,0,0
1979-80,DEN,42.2,91.1,0.463,1,3.1,0.325,0,0,0,0,0,0
1978-79,DEN,42.9,89.2,0.481,0,0,0,0,0,0,0,0,0
1977-78,DEN,43.3,90.7,0.477,0,0,0,0,0,0,0,0,0
1976-77,DEN,43.8,91.1,0.481,0,0,0,0,0,0,0,0,0
1975-76,DNA,48.3,95.7,0.505,0.5,2.1,0.23,0,0,0,0,0,0
1974-75,DNA,47.1,92.4,0.509,0.3,1.2,0.216,0,0,0,0,0,0
1973-74,DNR,42.3,95.7,0.442,1.3,3.9,0.329,0,0,0,0,0,0
1972-73,DNR,40.9,89.3,0.458,0.9,3.6,0.246,0,0,0,0,0,0
1971-72,DNR,44.1,98.2,0.449,0.5,2.1,0.23,0,0,0,0,0,0
1970-71,DNR,45.9,104.5,0.439,1.2,4.8,0.258,0,0,0,0,0,0
1969-70,DNR,44.6,99.8,0.447,2.2,8.1,0.275,0,0,0,0,0,0
1968-69,DNR,43.9,96.8,0.454,1,4,0.252,0,0,0,0,0,0
1967-68,DNR,40,93.2,0.429,0.3,1.9,0.168,0,0,0,0,0,0
2016-17,DET,39.2,87,0.451,6.6,19.8,0.333,41.52,19.03,16.68,22.25,0.52,11.99
2015-16,DET,37.9,86.4,0.439,9,26.2,0.345,44.16,13.92,11.66,29.76,0.51,12.33
2014-15,DET,37.1,85.8,0.432,8.6,24.9,0.344,48.49,9.67,12.81,28.7,0.33,11.77
2013-14,DET,38.8,86.9,0.447,6.2,19.3,0.321,52.27,9.84,15.72,21.83,0.34,10.66
2012-13,DET,36.3,81,0.449,6.3,17.6,0.356,51.3,10.09,16.9,21.41,0.3,10.61
2011-12,DET,34.7,79.3,0.438,4.8,13.9,0.346,46.79,14.09,21.62,17.2,0.31,10.92
2010-11,DET,37.3,81.1,0.46,5.8,15.3,0.376,42.12,16.85,22.15,18.6,0.29,11.48
2009-10,DET,35.9,80.5,0.445,4.6,14.5,0.314,39.83,19.2,22.95,17.77,0.24,11.46
2008-09,DET,36.4,80,0.454,4.6,13.2,0.349,33.59,19.37,30.49,16.35,0.2,12.34
2007-08,DET,36.6,79.9,0.458,5.9,16.2,0.366,31.49,18.7,29.52,20.04,0.24,13.12
2006-07,DET,35.9,79.1,0.454,5.5,15.9,0.344,36.17,22.1,21.62,19.9,0.22,11.99
2005-06,DET,36.4,80,0.455,6.8,17.7,0.384,32.36,20.65,24.84,22.06,0.09,12.82
2004-05,DET,34.8,78.3,0.444,4.4,12.8,0.345,39.92,22.33,21.49,16.1,0.16,11.08
2003-04,DET,33.5,77,0.435,4.1,11.8,0.344,44.25,22.55,17.87,15.2,0.13,10.33
2002-03,DET,32.9,76.5,0.43,6.5,18.1,0.358,35.69,18.75,21.86,23.45,0.25,12.68
2001-02,DET,34.7,76.8,0.452,6.9,18.4,0.376,37.05,18.29,20.73,23.78,0.14,12.37
2000-01,DET,35.6,83.9,0.424,4.7,13.6,0.35,37.52,17.94,28.38,16.06,0.1,11.8
1999-00,DET,37.1,80.9,0.459,5.4,14.9,0.359,40.21,17.3,24.05,18.3,0.14,11.37
1998-99,DET,33.2,74.3,0.447,5,13.6,0.365,39.4,23.6,18.73,18.14,0.13,11.27
1997-98,DET,34.9,77.7,0.449,3.6,11.4,0.312,41.18,25.64,18.47,14.61,0.11,10.57
1996-97,DET,34.5,74.3,0.464,7.1,18.3,0.388,38.05,22.79,22.13,16.9,0.13,11.44
1995-96,DET,34.3,74.7,0.459,6.6,16.5,0.404,0,0,0,0,0,0
1994-95,DET,37.3,80.9,0.461,6,17,0.354,0,0,0,0,0,0
1993-94,DET,38.6,85.6,0.452,4.4,12.7,0.344,0,0,0,0,0,0
1992-93,DET,39.8,87.9,0.453,3.6,11.1,0.322,0,0,0,0,0,0
1991-92,DET,38.9,83.7,0.465,2,6.4,0.314,0,0,0,0,0,0
1990-91,DET,39,83.8,0.465,1.6,5.4,0.298,0,0,0,0,0,0
1989-90,DET,40.6,85.1,0.478,2.2,6.6,0.327,0,0,0,0,0,0
1988-89,DET,41.4,83.9,0.494,1.5,4.9,0.3,0,0,0,0,0,0
1987-88,DET,42.2,85.6,0.493,0.7,2.5,0.287,0,0,0,0,0,0
1986-87,DET,43.2,88.3,0.49,0.5,2.1,0.231,0,0,0,0,0,0
1985-86,DET,45.8,94.5,0.484,0.7,2.2,0.302,0,0,0,0,0,0
1984-85,DET,46.8,97.5,0.48,0.5,2.4,0.226,0,0,0,0,0,0
1983-84,DET,46.3,96.5,0.48,0.4,1.7,0.227,0,0,0,0,0,0
1982-83,DET,44.2,92.7,0.477,0.9,3.3,0.265,0,0,0,0,0,0
1981-82,DET,43.4,90.1,0.482,0.6,2.6,0.244,0,0,0,0,0,0
1980-81,DET,39.5,85.2,0.463,0.2,1,0.155,0,0,0,0,0,0
1979-80,DET,44.4,92.6,0.48,0.7,2.7,0.26,0,0,0,0,0,0
2016-17,GSW,43.4,86.4,0.502,12.1,31.6,0.384,36.89,13.37,13.3,35.99,0.45,13.93
2015-16,GSW,42.5,87.3,0.487,13.1,31.6,0.416,39.59,12.24,11.94,35.9,0.34,13.48
2014-15,GSW,41.6,87,0.478,10.8,27,0.398,39.38,14.17,15.41,30.69,0.35,13.08
2013-14,GSW,39.5,85.4,0.462,9.4,24.8,0.38,40.06,13.99,16.87,28.78,0.3,12.93
2012-13,GSW,38.2,83.4,0.458,8,19.9,0.403,37.11,16.15,22.88,23.55,0.31,13
2011-12,GSW,37.7,82.5,0.457,7.9,20.5,0.388,39.48,12.13,23.55,24.6,0.24,12.89
2010-11,GSW,39.6,85.9,0.461,8.4,21.3,0.392,40.96,12.74,21.41,24.58,0.32,12.56
2009-10,GSW,40.6,86.5,0.469,7.7,20.6,0.375,38.07,12.53,25.61,23.5,0.28,12.86
2008-09,GSW,39.4,86,0.458,6.7,18,0.373,42.03,11.88,25.18,20.58,0.33,12.14
2007-08,GSW,41.5,90.3,0.459,9.3,26.6,0.348,44.52,8.93,17.22,28.97,0.36,12.31
2006-07,GSW,39.8,86,0.463,8.5,24,0.356,45.4,9.49,17.21,27.62,0.27,11.93
2005-06,GSW,35.8,82.7,0.433,7.6,22.3,0.341,41.3,10.57,21.19,26.72,0.22,12.67
2004-05,GSW,36.9,85.8,0.43,7.6,21.6,0.352,38.41,11.62,24.75,25.06,0.16,12.92
2003-04,GSW,35.1,79.4,0.442,5.2,15.6,0.334,43.96,14.58,21.79,19.35,0.32,11.5
2002-03,GSW,37.3,84.6,0.441,5.2,15.1,0.344,44.42,15.66,22.06,17.7,0.17,11.24
2001-02,GSW,36.6,85.2,0.429,3.9,12.1,0.322,49.86,14.52,21.3,14.06,0.26,10.25
2000-01,GSW,35.8,87.5,0.409,3.4,11.8,0.293,42.09,20.45,24.06,13.21,0.2,11.1
1999-00,GSW,36.5,87.1,0.42,4.2,13,0.323,44.6,18.11,22.33,14.81,0.16,10.9
1998-99,GSW,34.6,83.5,0.415,3.2,11.3,0.287,41.86,20.7,24.25,13.01,0.2,11.2
1997-98,GSW,34.7,83.9,0.413,2.3,8.5,0.272,40.93,23.85,25.16,9.83,0.24,10.81
1996-97,GSW,36.5,80.1,0.456,5.9,16.6,0.353,42.26,19.35,29.05,9.27,0.08,10.93
1995-96,GSW,37.3,81.7,0.456,5.5,14.6,0.373,0,0,0,0,0,0
1994-95,GSW,39.2,83.8,0.468,6.7,19.5,0.341,0,0,0,0,0,0
1993-94,GSW,42.8,87.1,0.492,3.5,10.5,0.339,0,0,0,0,0,0
1992-93,GSW,42.4,88,0.482,3.6,10.4,0.35,0,0,0,0,0,0
1991-92,GSW,45.9,90.6,0.507,3.1,9.3,0.333,0,0,0,0,0,0
1990-91,GSW,43.5,89.6,0.485,3.3,9.8,0.337,0,0,0,0,0,0
1989-90,GSW,42.5,87.9,0.484,3,9.1,0.324,0,0,0,0,0,0
1988-89,GSW,45.5,97.3,0.468,2.4,7.7,0.308,0,0,0,0,0,0
1987-88,GSW,42.2,90.3,0.468,1.1,3.8,0.292,0,0,0,0,0,0
1986-87,GSW,43.3,90.4,0.479,1.4,4.4,0.319,0,0,0,0,0,0
1985-86,GSW,44.5,92.3,0.482,1.1,3.4,0.313,0,0,0,0,0,0
1984-85,GSW,42.7,92.1,0.463,1.4,4.8,0.282,0,0,0,0,0,0
1983-84,GSW,42.9,91.9,0.467,0.7,2.8,0.243,0,0,0,0,0,0
1982-83,GSW,44.2,91.6,0.483,0.4,1.8,0.227,0,0,0,0,0,0
1981-82,GSW,44.5,89.6,0.496,1.1,4,0.28,0,0,0,0,0,0
1980-81,GSW,43.4,88.8,0.489,0.7,2.6,0.286,0,0,0,0,0,0
1979-80,GSW,43,89.2,0.482,0.3,1.5,0.223,0,0,0,0,0,0
2016-17,HOU,39.6,85.1,0.465,13.8,36.6,0.378,44.09,7.05,5.88,42.72,0.26,13.4
2015-16,HOU,37.7,83.5,0.452,10.7,30.9,0.347,45.78,9.03,8.17,36.6,0.41,12.55
2014-15,HOU,37,83.3,0.444,11.4,32.7,0.348,46.31,7.65,6.73,39.06,0.25,12.71
2013-14,HOU,38,80.5,0.472,9.5,26.6,0.358,52.38,8.06,6.59,32.8,0.17,11.46
2012-13,HOU,38.1,82.7,0.461,10.6,28.9,0.366,47.18,7.34,10.56,34.74,0.18,12.3
2011-12,HOU,37.7,84,0.449,7.2,20.2,0.359,40.4,16.76,18.86,23.82,0.16,12.25
2010-11,HOU,38.7,85.1,0.454,8.3,22.5,0.367,41.92,13.93,17.75,26.14,0.26,12.4
2009-10,HOU,37.7,84.4,0.447,7.9,22.4,0.351,43.52,13.47,16.47,26.28,0.26,11.65
2008-09,HOU,36.1,79.6,0.453,7.6,20.2,0.375,41.9,16.12,16.58,24.93,0.46,11.96
2007-08,HOU,36.6,81.7,0.448,7.1,20.8,0.342,39.38,14.54,20.63,25.19,0.25,12.32
2006-07,HOU,35.4,79.6,0.445,8.6,23.1,0.372,37.64,14.86,18.55,28.81,0.14,12.85
2005-06,HOU,33,76.2,0.433,5.7,17.2,0.332,38.66,16.28,22.52,22.36,0.18,12.23
2004-05,HOU,34.7,78.3,0.443,6.7,18.5,0.364,34.91,15.84,25.61,23.4,0.23,13.04
2003-04,HOU,33.4,75.5,0.442,6.3,17.1,0.366,37.23,18.98,21.1,22.31,0.38,12.34
2002-03,HOU,34.6,78.8,0.44,5.4,15.5,0.346,40.43,17.12,22.89,19.16,0.4,11.72
2001-02,HOU,34.6,80.8,0.428,6,18,0.335,37.36,13.28,27.1,21.97,0.3,12.61
2000-01,HOU,35.9,79.2,0.453,6.1,17.2,0.357,41.02,16.61,20.52,21.52,0.33,11.83
1999-00,HOU,36.6,81.3,0.45,7.1,19.8,0.358,45.87,13.41,16.45,24.04,0.22,11.29
1998-99,HOU,35.1,76,0.462,6.7,18.3,0.368,43.18,18.53,14.1,24.02,0.17,11.44
1997-98,HOU,35.9,79.4,0.452,7,20.4,0.343,41.44,19.01,14.65,24.72,0.18,11.7
1996-97,HOU,37,79.1,0.468,8.2,22.4,0.365,44.6,18.21,24.46,12.46,0.26,10.95
1995-96,HOU,37.5,81,0.464,7.8,21.5,0.362,0,0,0,0,0,0
1994-95,HOU,38.5,80.2,0.48,7.9,21.4,0.368,0,0,0,0,0,0
1993-94,HOU,39,82.1,0.475,5.2,15.7,0.334,0,0,0,0,0,0
1992-93,HOU,40,82.2,0.486,4.7,13.1,0.361,0,0,0,0,0,0
1991-92,HOU,39.9,84.1,0.475,4,11.7,0.343,0,0,0,0,0,0
1990-91,HOU,41.5,88.9,0.467,3.9,12.1,0.32,0,0,0,0,0,0
1989-90,HOU,42.5,88.4,0.48,1.9,6,0.312,0,0,0,0,0,0
1988-89,HOU,41.6,87.8,0.474,2,6.4,0.314,0,0,0,0,0,0
1987-88,HOU,42.3,89.7,0.471,0.8,3.5,0.237,0,0,0,0,0,0
1986-87,HOU,42.3,88.6,0.477,1.1,4,0.275,0,0,0,0,0,0
1985-86,HOU,45.8,93.5,0.49,1,3.8,0.274,0,0,0,0,0,0
1984-85,HOU,45.7,90.7,0.504,0.5,2.3,0.22,0,0,0,0,0,0
1983-84,HOU,45.5,91.9,0.495,0.4,1.9,0.195,0,0,0,0,0,0
1982-83,HOU,40.7,90.8,0.448,0.8,3.3,0.247,0,0,0,0,0,0
1981-82,HOU,42.7,89.8,0.476,0.6,2.1,0.284,0,0,0,0,0,0
1980-81,HOU,43.6,89.5,0.487,0.3,1.4,0.178,0,0,0,0,0,0
1979-80,HOU,43.9,91.4,0.48,1.3,4.6,0.274,0,0,0,0,0,0
2016-17,IND,40.1,87.9,0.456,7.9,22.5,0.351,40.41,13.59,20.75,24.95,0.3,12.63
2015-16,IND,38.3,85.2,0.45,8.1,23,0.351,37.32,13.85,21.88,26.66,0.3,13.15
2014-15,IND,36.6,83.2,0.439,7.5,21.2,0.352,37.81,14.46,22.23,25.22,0.28,13
2013-14,IND,36,80.2,0.449,6.7,18.8,0.357,39.71,16.36,20.48,23.17,0.27,12.49
2012-13,IND,35.1,80.6,0.436,6.9,19.7,0.347,42.18,15.53,17.8,24.13,0.37,12.23
2011-12,IND,35.7,81.4,0.438,5.9,16.1,0.368,44.98,16.6,18.65,19.56,0.22,11.37
2010-11,IND,36.6,82.8,0.442,7.1,20.2,0.354,39.15,15.18,21.32,24.14,0.21,12.7
2009-10,IND,36.8,83.2,0.443,8,23.1,0.348,38.18,13.17,20.89,27.55,0.22,12.99
2008-09,IND,39.3,86.3,0.455,8,21,0.378,39.82,13.49,22.37,24.07,0.25,12.46
2007-08,IND,37.8,85.3,0.444,9.2,24.6,0.374,35.15,14.37,21.64,28.54,0.3,13.54
2006-07,IND,35,80,0.438,5.9,16.9,0.346,38.59,18.85,21.33,20.92,0.31,12.14
2005-06,IND,34,76.5,0.444,6.5,18.7,0.349,38.57,17.11,19.84,24.21,0.27,12.44
2004-05,IND,32.5,75.2,0.432,6.6,19.2,0.344,37.11,17.55,19.95,25.2,0.2,12.72
2003-04,IND,33.6,77.1,0.435,5.5,15.6,0.351,39.67,20.44,19.61,20.04,0.24,11.7
2002-03,IND,35.5,80.6,0.441,4.6,13.6,0.339,39.26,21.19,22.64,16.78,0.14,11.62
2001-02,IND,35.8,80.2,0.446,4.9,14.6,0.339,37.64,22.04,22.16,17.83,0.33,11.96
2000-01,IND,34.5,78.4,0.44,4.8,14.1,0.342,37.63,20.28,24.07,17.76,0.26,12.14
1999-00,IND,37.2,81,0.459,7.1,18.1,0.392,37.13,20.49,20.04,22.25,0.09,12.54
1998-99,IND,34.6,77.3,0.448,5.9,16,0.368,37.03,22.72,19.28,20.66,0.3,12.32
1997-98,IND,35.6,75.9,0.469,4.9,12.5,0.39,39.83,20.98,22.68,16.27,0.24,11.6
1996-97,IND,34.8,76.3,0.456,5.2,13.8,0.381,45.19,22.03,23.28,9.34,0.16,10.01
1995-96,IND,36.3,75.7,0.48,4.4,11.9,0.373,0,0,0,0,0,0
1994-95,IND,36.4,76.2,0.477,4.6,12,0.38,0,0,0,0,0,0
1993-94,IND,38.6,79.5,0.486,2.2,6.1,0.368,0,0,0,0,0,0
1992-93,IND,41.1,85.6,0.48,3.1,9.6,0.326,0,0,0,0,0,0
1991-92,IND,42.7,86.3,0.494,4.1,11.5,0.354,0,0,0,0,0,0
1990-91,IND,42.1,85.3,0.493,3,9.1,0.332,0,0,0,0,0,0
1989-90,IND,41.2,83,0.497,3.6,9.4,0.382,0,0,0,0,0,0
1988-89,IND,41.3,84.7,0.487,2.5,7.5,0.328,0,0,0,0,0,0
1987-88,IND,41.9,87.2,0.48,2,5.9,0.336,0,0,0,0,0,0
1986-87,IND,42.1,89.3,0.472,1.1,3.9,0.297,0,0,0,0,0,0
1985-86,IND,42,87.2,0.481,0.3,1.7,0.161,0,0,0,0,0,0
1984-85,IND,42.5,89.3,0.476,0.4,1.9,0.194,0,0,0,0,0,0
1983-84,IND,42,87,0.483,0.6,2.5,0.232,0,0,0,0,0,0
1982-83,IND,45.2,94.2,0.48,0.6,2.9,0.212,0,0,0,0,0,0
1981-82,IND,40.6,87.4,0.465,1.3,3.9,0.326,0,0,0,0,0,0
1980-81,IND,42.6,88.4,0.482,0.4,2.1,0.178,0,0,0,0,0,0
1979-80,IND,44.4,93.8,0.473,1.1,3.8,0.28,0,0,0,0,0,0
1978-79,IND,43.6,91.8,0.475,0,0,0,0,0,0,0,0,0
1977-78,IND,42.7,94.9,0.45,0,0,0,0,0,0,0,0,0
1976-77,IND,43,95.6,0.449,0,0,0,0,0,0,0,0,0
1975-76,INA,44.5,101.5,0.438,3,9.2,0.324,0,0,0,0,0,0
1974-75,INA,46.3,99.6,0.465,2.7,8.5,0.312,0,0,0,0,0,0
1973-74,INA,42.2,93.9,0.45,2,6.5,0.315,0,0,0,0,0,0
1972-73,INA,43.7,94.6,0.461,2,6.6,0.312,0,0,0,0,0,0
1971-72,INA,42.9,92.9,0.461,2.6,8.9,0.293,0,0,0,0,0,0
1970-71,INA,45.2,97.6,0.463,3.6,12.2,0.299,0,0,0,0,0,0
1969-70,INA,42.8,94,0.455,2.6,9.3,0.274,0,0,0,0,0,0
1968-69,INA,44.5,98.8,0.451,1.4,4.7,0.299,0,0,0,0,0,0
1967-68,INA,40.7,94.8,0.429,1.2,4.6,0.267,0,0,0,0,0,0
2016-17,LAC,38.3,83,0.462,9.8,26.3,0.372,38.96,9.68,19.92,31.19,0.25,13.4
2015-16,LAC,38.3,82.4,0.465,9.7,26.7,0.364,34.76,11.58,21.62,31.75,0.29,14.15
2014-15,LAC,39.4,83.3,0.473,10.1,26.9,0.376,33.97,11.91,21.91,32.03,0.18,14.14
2013-14,LAC,39.1,82.5,0.474,8.5,24,0.352,37.79,12.38,20.83,28.83,0.18,13.31
2012-13,LAC,38.5,80.6,0.478,7.6,21.4,0.358,42.63,11.38,19.5,26.32,0.17,12.53
2011-12,LAC,37,81.3,0.455,7.8,21.8,0.357,38.58,11.18,23.41,26.6,0.23,13.26
2010-11,LAC,36.8,80.4,0.457,6.3,18.5,0.338,47.77,10.92,18.42,22.58,0.31,11.57
2009-10,LAC,36.6,80.5,0.455,5.9,17.8,0.332,41.87,15.22,20.8,21.77,0.34,11.69
2008-09,LAC,36,81.7,0.441,6.5,18.5,0.354,42.39,13.22,21.78,22.11,0.51,11.89
2007-08,LAC,34.4,78.6,0.438,4.3,13.2,0.324,34.77,19.4,29.06,16.5,0.27,12.48
2006-07,LAC,35.1,77,0.456,3.8,11,0.348,35.94,24.28,25.45,14.02,0.3,11.82
2005-06,LAC,36.5,78.6,0.465,3.5,10.3,0.344,37.09,25.74,24.2,12.7,0.27,11.49
2004-05,LAC,35.7,77.7,0.459,2.8,8.2,0.345,40.56,19.96,28.97,10.22,0.28,11.05
2003-04,LAC,34.4,80.2,0.428,4,12.5,0.321,45.25,17.37,21.83,15.34,0.21,10.67
2002-03,LAC,34.6,79.1,0.437,4.8,14.4,0.331,45.77,19.12,17.03,17.73,0.34,10.73
2001-02,LAC,36.2,81.3,0.445,5,14,0.356,41.6,25.94,15.27,17.04,0.15,10.94
2000-01,LAC,35.3,78.9,0.448,4.4,13,0.339,43.04,22.1,18.45,16.32,0.09,10.93
1999-00,LAC,35.1,82.4,0.426,5.2,15.5,0.339,40.04,23.9,17.18,18.6,0.28,11.48
1998-99,LAC,34.2,80.1,0.427,4.3,13.4,0.32,46.51,18.44,18.7,16.14,0.21,10.6
1997-98,LAC,35.7,81.6,0.438,6.4,17.9,0.358,44.54,17.15,16.44,21.73,0.14,11.2
1996-97,LAC,36.5,81.7,0.446,5.8,16.3,0.354,44.37,18.91,26.49,10.05,0.18,10.51
1995-96,LAC,38.1,80.7,0.472,6.2,16.8,0.37,0,0,0,0,0,0
1994-95,LAC,37.3,84,0.444,4,12.8,0.315,0,0,0,0,0,0
1993-94,LAC,40.8,87.4,0.467,3.1,10.1,0.303,0,0,0,0,0,0
1992-93,LAC,43.2,89.4,0.484,1.6,6,0.271,0,0,0,0,0,0
1991-92,LAC,40.8,86.3,0.473,1.8,6.1,0.289,0,0,0,0,0,0
1990-91,LAC,41.4,89.2,0.464,1.4,5.3,0.26,0,0,0,0,0,0
1989-90,LAC,40.5,83.6,0.484,0.7,2.8,0.243,0,0,0,0,0,0
1988-89,LAC,43,90.6,0.475,0.7,2.9,0.231,0,0,0,0,0,0
1987-88,LAC,38.9,87.7,0.443,1,3.9,0.249,0,0,0,0,0,0
1986-87,LAC,40.4,89.4,0.452,1,4.2,0.224,0,0,0,0,0,0
1985-86,LAC,41.3,87.4,0.473,0.8,2.8,0.279,0,0,0,0,0,0
1984-85,LAC,43,86.8,0.495,0.7,2.3,0.298,0,0,0,0,0,0
1983-84,SDC,44.3,89.3,0.496,0.3,1.6,0.188,0,0,0,0,0,0
1982-83,SDC,44.2,93.1,0.475,0.8,3.2,0.244,0,0,0,0,0,0
1981-82,SDC,43.3,86.6,0.5,1.2,4.1,0.293,0,0,0,0,0,0
1980-81,SDC,42.4,88.8,0.477,1.6,5,0.324,0,0,0,0,0,0
1979-80,SDC,43,91.4,0.47,2.2,6.6,0.326,0,0,0,0,0,0
2016-17,LAL,39.7,87.1,0.456,9,25.6,0.352,40.71,17.08,12.94,28.92,0.35,12.5
2015-16,LAL,35.1,84.8,0.414,7.8,24.6,0.317,37.85,16.41,16.9,28.49,0.35,13.06
2014-15,LAL,37.2,85.6,0.435,6.5,18.9,0.344,38.58,16.1,23.3,21.89,0.13,12.54
2013-14,LAL,38.3,85.1,0.45,9.4,24.8,0.381,39.17,14.88,16.89,28.96,0.09,13.03
2012-13,LAL,37.1,81,0.458,8.7,24.6,0.355,42.37,11.6,15.74,29.99,0.3,12.84
2011-12,LAL,36.8,80.6,0.457,5.5,16.8,0.326,42.38,16.28,20.44,20.67,0.23,12.02
2010-11,LAL,38.1,82.4,0.463,6.4,18.1,0.352,42.08,16.08,19.91,21.56,0.37,12.22
2009-10,LAL,38.3,83.8,0.457,6.5,19,0.341,41.6,16.61,19.05,22.43,0.31,11.78
2008-09,LAL,40.3,85.1,0.474,6.7,18.5,0.361,42.33,16.38,19.6,21.45,0.23,11.52
2007-08,LAL,39.6,83.1,0.476,8.1,21.4,0.378,40.89,12.13,21.3,25.45,0.23,12.25
2006-07,LAL,37.8,81.3,0.466,7.4,21,0.353,42.04,12.38,19.68,25.58,0.32,12.09
2005-06,LAL,36.5,80.6,0.453,6.7,19.3,0.349,39.34,13.85,22.84,23.7,0.27,12.45
2004-05,LAL,35.3,80.8,0.437,7.9,22.1,0.355,41.82,12.05,18.83,26.79,0.51,12.35
2003-04,LAL,36.9,81.4,0.454,4.5,13.6,0.327,42.98,16.54,23.64,16.57,0.26,11.14
2002-03,LAL,37.7,83.6,0.451,5.9,16.7,0.356,39.54,18.34,22.55,19.31,0.25,11.84
2001-02,LAL,38.4,83.4,0.461,6.2,17.5,0.354,39.61,18.77,20.57,20.81,0.23,11.91
2000-01,LAL,37.9,81.5,0.465,5.4,15.5,0.344,41.09,19.72,20.13,18.82,0.24,11.5
1999-00,LAL,38.3,83.4,0.459,4.2,12.8,0.329,44.5,20.56,19.81,15.03,0.11,10.59
1998-99,LAL,36.8,78.7,0.468,4.8,13.7,0.352,48.26,16.82,17.48,17.23,0.2,10.48
1997-98,LAL,38.4,79.7,0.481,6.1,17.3,0.351,55.33,15.26,7.9,21.33,0.19,9.29
1996-97,LAL,36.8,81,0.454,6.7,18.3,0.367,51.28,16.97,18.34,13.29,0.12,9.47
1995-96,LAL,39.2,81.8,0.48,5.8,16.6,0.351,0,0,0,0,0,0
1994-95,LAL,40,86.4,0.463,6.4,18.2,0.352,0,0,0,0,0,0
1993-94,LAL,40.1,89.2,0.45,2.9,9.8,0.3,0,0,0,0,0,0
1992-93,LAL,40.4,85.3,0.473,2.3,7.6,0.299,0,0,0,0,0,0
1991-92,LAL,38.8,85.1,0.456,1.5,5.4,0.267,0,0,0,0,0,0
1990-91,LAL,40.8,84.3,0.484,2.8,9.1,0.304,0,0,0,0,0,0
1989-90,LAL,41.9,85.5,0.49,3.8,10.3,0.367,0,0,0,0,0,0
1988-89,LAL,43.7,87.1,0.502,2.8,8.1,0.34,0,0,0,0,0,0
1987-88,LAL,43.6,86.3,0.505,1.7,5.8,0.297,0,0,0,0,0,0
1986-87,LAL,45.6,88.4,0.516,2,5.5,0.367,0,0,0,0,0,0
1985-86,LAL,46.8,89.5,0.522,1.7,5,0.337,0,0,0,0,0,0
1984-85,LAL,48.2,88.5,0.545,1.1,3.6,0.305,0,0,0,0,0,0
1983-84,LAL,47,88.4,0.532,0.7,2.8,0.257,0,0,0,0,0,0
1982-83,LAL,48.3,91.6,0.528,0.1,1.2,0.104,0,0,0,0,0,0
1981-82,LAL,47.8,92.5,0.517,0.2,1.1,0.138,0,0,0,0,0,0
1980-81,LAL,46.1,90,0.512,0.2,1.1,0.181,0,0,0,0,0,0
1979-80,LAL,47.5,89.9,0.529,0.2,1.2,0.2,0,0,0,0,0,0
2016-17,MEM,35,82.7,0.423,8.5,25.4,0.336,42.07,12.3,14.98,30.27,0.38,12.84
2015-16,MEM,36.8,83.6,0.44,6.1,18.5,0.331,46.54,14.03,17.28,21.81,0.34,11.35
2014-15,MEM,37.8,82.5,0.458,5.2,15.2,0.339,46.43,17.3,17.92,18.02,0.33,10.95
2013-14,MEM,38.1,82,0.464,4.9,14,0.353,48.24,15.6,19.1,16.78,0.28,10.78
2012-13,MEM,36.1,81.5,0.444,4.7,13.5,0.345,45.59,16.87,20.96,16.38,0.19,11.04
2011-12,MEM,36.7,82.2,0.447,4.2,12.9,0.326,44.61,17.83,21.89,15.2,0.46,11.18
2010-11,MEM,39,82.9,0.471,3.8,11.3,0.334,50.52,15.5,20.36,13.2,0.41,10.27
2009-10,MEM,39.3,83.8,0.469,4.2,12.4,0.337,48.42,16.41,20.33,14.39,0.45,10.13
2008-09,MEM,34.9,77,0.454,4.9,13.5,0.36,44.84,14.98,22.69,17.26,0.22,11.02
2007-08,MEM,37.3,82.2,0.454,7.6,21.7,0.349,42.66,13.2,17.74,25.87,0.53,12.1
2006-07,MEM,36.6,78.6,0.465,6.1,16.6,0.367,45.26,13.17,20.62,20.6,0.35,11.38
2005-06,MEM,33.5,74.7,0.448,7.2,19.2,0.374,44.62,11.87,17.8,25.53,0.18,11.66
2004-05,MEM,34.2,76.5,0.447,6.5,18.1,0.357,47.23,11.5,17.6,23.36,0.3,11.09
2003-04,MEM,36.1,81.2,0.445,5.5,16,0.34,47.84,13.43,19.05,19.29,0.39,10.77
2002-03,MEM,37.2,82.2,0.452,5.7,15.6,0.365,41.9,17.31,21.83,18.7,0.26,11.55
2001-02,MEM,34.8,79.7,0.436,4.1,13.4,0.307,42.95,17.12,23.23,16.48,0.21,11.26
2000-01,VAN,35,79.7,0.439,4,11.5,0.343,36.26,16.94,32.33,14.42,0.05,12.43
1999-00,VAN,35.3,78.5,0.449,4,11,0.361,43.42,20.82,21.87,13.79,0.1,10.78
1998-99,VAN,32.9,76.8,0.428,3,9.1,0.327,47.15,17.65,23.38,11.63,0.19,10.3
1997-98,VAN,36.7,80.1,0.458,4,11,0.362,47.5,18.95,19.88,13.47,0.2,10.14
1996-97,VAN,34.4,78.7,0.437,5.4,15.5,0.349,43.42,20.69,25.06,10.66,0.17,10.43
1995-96,VAN,33.8,79.1,0.428,4.5,13.8,0.329,0,0,0,0,0,0
2016-17,MIA,36.7,86,0.426,8.4,25.5,0.331,45.44,11.38,13.57,29.54,0.06,12.01
2015-16,MIA,38.4,81.7,0.47,6.1,18,0.336,43.43,16.23,18.36,21.69,0.28,11.58
2014-15,MIA,35.2,77.2,0.456,6.8,20.2,0.335,40.09,15.34,18.37,25.89,0.3,12.38
2013-14,MIA,38.3,76.5,0.501,8.1,22.3,0.364,42.53,11.53,16.76,29.05,0.13,12.28
2012-13,MIA,38.4,77.4,0.496,8.7,22.1,0.396,38.83,13.55,19.15,28.3,0.17,12.72
2011-12,MIA,37.1,79,0.469,5.6,15.6,0.359,41.81,16.62,21.8,19.69,0.1,11.58
2010-11,MIA,37,76.8,0.481,6.7,18,0.37,36.11,13.62,26.72,23.34,0.21,13.22
2009-10,MIA,36.4,79.5,0.458,6,17.4,0.346,34.34,18.21,25.58,21.66,0.21,12.67
2008-09,MIA,37,81,0.457,7.1,19.9,0.357,35.73,15.06,24.77,24.06,0.38,12.88
2007-08,MIA,34.2,77.3,0.443,6,16.7,0.358,34.88,14.03,29.45,21.35,0.28,12.99
2006-07,MIA,35.6,76.7,0.464,6.4,18.8,0.343,41.48,12.99,21.15,24.11,0.27,12.07
2005-06,MIA,37.1,77.5,0.478,6.1,17.6,0.345,46.51,13.17,17.69,22.31,0.31,11.04
2004-05,MIA,37.8,77.7,0.486,5.8,15.4,0.377,43.18,15.2,21.88,19.58,0.16,11.14
2003-04,MIA,33.3,78.3,0.425,5.9,16.5,0.357,39.88,15.88,23.17,20.74,0.33,11.91
2002-03,MIA,32.8,79.5,0.412,4.2,13.4,0.316,34.06,19.21,29.86,16.54,0.32,12.48
2001-02,MIA,34.2,77.8,0.439,3.8,11,0.347,33.66,19.96,32.28,13.69,0.41,12.46
2000-01,MIA,32.9,76.3,0.43,5.8,16.9,0.345,36.27,18.26,23.39,21.75,0.32,12.6
1999-00,MIA,36.3,78.8,0.46,5.4,14.7,0.371,36.84,21.81,22.85,18.3,0.2,12.02
1998-99,MIA,32.3,71.3,0.453,5.8,16.1,0.359,37.87,18.46,21.35,22.21,0.11,12.24
1997-98,MIA,34.8,77.2,0.45,6.7,18.8,0.355,41.71,17.32,16.81,23.9,0.26,11.82
1996-97,MIA,34.4,76,0.453,8.3,22.7,0.364,42.76,17.87,24.7,14.45,0.22,11.35
1995-96,MIA,35.4,77.4,0.457,6.7,17.8,0.379,0,0,0,0,0,0
1994-95,MIA,38.3,82.2,0.467,5.3,14.4,0.369,0,0,0,0,0,0
1993-94,MIA,39,84.1,0.464,4.1,12.2,0.338,0,0,0,0,0,0
1992-93,MIA,38.1,83.5,0.456,4.1,11.5,0.354,0,0,0,0,0,0
1991-92,MIA,39.7,86.1,0.461,3.1,9.2,0.342,0,0,0,0,0,0
1990-91,MIA,40,87.1,0.459,1.7,5.7,0.302,0,0,0,0,0,0
1989-90,MIA,41.3,89.6,0.461,1.1,3.7,0.293,0,0,0,0,0,0
1988-89,MIA,39.3,86.8,0.453,1.2,3.6,0.326,0,0,0,0,0,0
2016-17,MIL,39.2,85.8,0.457,8.1,24.3,0.335,49.96,11.23,10.5,28.08,0.22,11.19
2015-16,MIL,38.4,82.2,0.467,5.4,15.6,0.345,52.29,13.75,15.17,18.57,0.22,10.1
2014-15,MIL,37.6,82,0.459,6.6,18.3,0.363,44.86,13.63,19.21,22.2,0.1,11.4
2013-14,MIL,36,82.2,0.438,6.7,18.9,0.353,44.96,13.82,18.17,22.94,0.1,11.62
2012-13,MIL,38.1,87.8,0.435,7.3,20.4,0.36,43.65,14.88,18.26,23.08,0.13,11.72
2011-12,MIL,37.9,85.6,0.443,6.6,19.2,0.345,42.05,15.45,20.21,22.13,0.16,11.86
2010-11,MIL,34.3,79.8,0.43,5.9,17.2,0.342,39.71,16.05,22.63,21.43,0.18,12.29
2009-10,MIL,37.2,85.3,0.436,7.9,22.1,0.356,38.19,14.93,21.01,25.72,0.15,12.59
2008-09,MIL,36.7,82.4,0.445,6.2,17.2,0.363,38.55,16.41,24.18,20.7,0.16,12.05
2007-08,MIL,36.9,82.3,0.449,5.5,16,0.344,43.85,15.76,20.99,19.18,0.21,11.22
2006-07,MIL,38.1,81.9,0.465,6.4,18,0.356,46.22,13.61,18.29,21.73,0.15,11.05
2005-06,MIL,36.3,80.1,0.453,6.2,16.3,0.38,44.87,15.63,19.19,20.26,0.06,11.07
2004-05,MIL,36.1,80.2,0.45,4,11.3,0.351,42.43,21.16,22.37,13.88,0.17,10.72
2003-04,MIL,36.2,81.1,0.447,4.9,14,0.35,42.53,22.29,17.88,17.13,0.17,10.86
2002-03,MIL,37.1,81.3,0.457,7.1,18.6,0.383,35.66,23.68,17.79,22.67,0.2,12.23
2001-02,MIL,37.1,80.2,0.462,7.2,19.3,0.375,32.21,27.72,16.06,23.71,0.3,12.75
2000-01,MIL,38,82.9,0.458,6.9,18.1,0.379,30.32,30.01,17.89,21.49,0.29,12.76
1999-00,MIL,38.7,83.3,0.465,4.8,13,0.369,32.39,32.83,19.16,15.32,0.31,11.79
1998-99,MIL,35.1,76.4,0.459,4.6,12.4,0.373,37.62,24.32,21.81,16.06,0.2,11.45
1997-98,MIL,35.6,78,0.456,3,8.6,0.354,38.85,26.53,23.56,10.7,0.35,11.05
1996-97,MIL,36.2,76.9,0.471,4,11.2,0.352,45.44,26.97,17.59,9.84,0.16,9.56
1995-96,MIL,37,79.1,0.467,4.4,12.9,0.338,0,0,0,0,0,0
1994-95,MIL,36.9,80.3,0.459,6,16.5,0.366,0,0,0,0,0,0
1993-94,MIL,37.1,83,0.447,4,12.4,0.325,0,0,0,0,0,0
1992-93,MIL,39.9,84.4,0.472,3.8,11.4,0.333,0,0,0,0,0,0
1991-92,MIL,40.5,88,0.46,4.5,12.3,0.369,0,0,0,0,0,0
1990-91,MIL,40.7,84.7,0.48,3.1,9.2,0.341,0,0,0,0,0,0
1989-90,MIL,41.2,87.1,0.473,2.5,8.2,0.312,0,0,0,0,0,0
1988-89,MIL,41.5,87.4,0.474,2.2,6.9,0.316,0,0,0,0,0,0
1987-88,MIL,41,86.3,0.475,1.6,5,0.324,0,0,0,0,0,0
1986-87,MIL,42.2,88.8,0.475,2.3,7,0.323,0,0,0,0,0,0
1985-86,MIL,43.9,89.1,0.493,1.5,4.7,0.327,0,0,0,0,0,0
1984-85,MIL,43.5,88.5,0.491,1.1,3.6,0.303,0,0,0,0,0,0
1983-84,MIL,41.9,85,0.492,0.7,2.8,0.254,0,0,0,0,0,0
1982-83,MIL,42.5,87,0.489,0.5,2.1,0.219,0,0,0,0,0,0
1981-82,MIL,43.2,85.5,0.505,0.6,2,0.299,0,0,0,0,0,0
1980-81,MIL,45.4,91.1,0.498,0.4,1.6,0.229,0,0,0,0,0,0
1979-80,MIL,44.9,92.1,0.488,0.6,1.9,0.323,0,0,0,0,0,0
2016-17,MIN,37.2,83.1,0.448,8.2,23.3,0.35,44.73,11.42,15.82,27.97,0.07,12.07
2015-16,MIN,37.7,81.3,0.464,5.5,16.4,0.338,42.66,13.23,23.9,20.06,0.15,11.88
2014-15,MIN,36.4,83.2,0.438,5,14.9,0.332,43.05,15.53,23.5,17.73,0.19,11.6
2013-14,MIN,38.9,87.5,0.444,7.3,21.4,0.341,45.4,12.74,17.4,24.25,0.21,11.63
2012-13,MIN,35.9,81.7,0.439,5.5,18,0.305,44.15,11.19,22.62,21.86,0.18,11.81
2011-12,MIN,35.7,82.3,0.433,7.2,21.6,0.332,43.42,11.84,18.57,26.01,0.17,12.17
2010-11,MIN,37.7,85.5,0.441,7.2,19.1,0.376,42.66,14.6,20.4,21.9,0.44,12.24
2009-10,MIN,37.9,84.4,0.449,4.9,14.4,0.341,42.11,19.98,20.82,16.69,0.39,11.07
2008-09,MIN,36.4,82.5,0.441,6.6,18.8,0.353,43.04,14.59,19.64,22.41,0.33,11.58
2007-08,MIN,37.5,83.1,0.451,5.4,15.4,0.35,43.68,17.28,20.66,17.91,0.47,11.24
2006-07,MIN,36.5,79.3,0.461,4.7,13.3,0.353,35.9,16.93,30.45,16.24,0.48,12.41
2005-06,MIN,35.2,77.3,0.456,3.8,11.5,0.329,37.22,17.56,30.41,14.46,0.35,12.08
2004-05,MIN,37.1,80.8,0.459,4.8,14,0.345,32.01,22.3,28.44,17,0.24,12.79
2003-04,MIN,37,80.1,0.462,4,10.9,0.363,30.65,25.61,30.12,13.33,0.29,12.58
2002-03,MIN,38.7,83,0.466,3.6,9.8,0.368,35.84,19.81,32.61,11.61,0.13,11.92
2001-02,MIN,38.7,84,0.461,4.8,12.8,0.378,35.91,20.39,28.58,14.97,0.16,12.05
2000-01,MIN,38.4,83.8,0.458,3.9,11,0.357,35.6,19.84,31.42,12.97,0.17,12.08
1999-00,MIN,39.3,84.3,0.467,3,8.7,0.346,33.92,20.88,34.85,10.1,0.25,12.1
1998-99,MIN,36.8,86.5,0.425,2.4,8.2,0.298,35.22,22.69,32.66,9.24,0.18,11.67
1997-98,MIN,38.5,83.5,0.461,3.7,10.6,0.347,39.99,21.01,26.25,12.56,0.19,10.99
1996-97,MIN,35.8,78.5,0.456,4.5,13.3,0.339,41.65,20.48,29.42,8.25,0.2,10.6
1995-96,MIN,36.3,79,0.459,3.4,10.5,0.326,0,0,0,0,0,0
1994-95,MIN,34,75.8,0.449,3.9,12.4,0.313,0,0,0,0,0,0
1993-94,MIN,36.4,79.7,0.457,2.2,6.8,0.329,0,0,0,0,0,0
1992-93,MIN,37.1,79.6,0.466,2,6.9,0.292,0,0,0,0,0,0
1991-92,MIN,41,89.5,0.458,1.5,4.8,0.32,0,0,0,0,0,0
1990-91,MIN,39.8,88.7,0.449,1.3,4.6,0.283,0,0,0,0,0,0
1989-90,MIN,37.4,83.9,0.446,0.9,3.6,0.248,0,0,0,0,0,0
2016-17,NOP,38.3,85.7,0.447,7.9,24.5,0.325,39.84,14.49,17.13,28.24,0.31,12.91
2015-16,NOP,38.5,85.9,0.448,8.6,23.8,0.36,41.01,13.76,17.54,27.48,0.21,12.52
2014-15,NOP,37.9,82.9,0.457,7.1,19.3,0.37,46.64,13.1,16.93,23.06,0.27,11.42
2013-14,NOP,37.8,82.5,0.459,5.9,15.9,0.373,47.92,14.35,18.46,18.92,0.35,10.99
2012-13,NOH,36,80.4,0.448,6.5,18,0.363,46.29,13.84,17.5,22.11,0.26,11.59
2011-12,NOH,34.8,77.3,0.451,3.9,11.8,0.333,43.13,19.17,22.48,15.15,0.08,11.28
2010-11,NOH,35.9,78.2,0.459,5.4,15,0.36,39.45,17.67,23.68,18.89,0.31,12.27
2009-10,NOH,38.8,83.4,0.464,7,19.2,0.363,39.3,17.3,20.42,22.83,0.15,11.96
2008-09,NOH,35.5,77.6,0.457,6.8,18.6,0.364,36.03,18.65,21.36,23.81,0.14,12.43
2007-08,NOH,38.6,82.9,0.466,7.7,19.8,0.389,37.49,15.95,22.73,23.66,0.16,12.39
2006-07,NOK,36.2,81.4,0.445,5.5,15.3,0.362,44.2,15.4,21.61,18.65,0.13,11.14
2005-06,NOK,34.5,78.4,0.44,3.7,10.8,0.339,43.12,16.43,26.68,13.6,0.17,10.85
2004-05,NOH,33.1,80,0.415,5.1,16,0.315,36.79,15.43,27.74,19.87,0.17,12.25
2003-04,NOH,33.8,80.5,0.42,6.5,20.3,0.319,37.92,16.02,20.86,24.99,0.2,12.46
2002-03,NOH,35.5,81.6,0.435,4.9,13.1,0.376,37.65,22.21,24.12,15.91,0.1,11.6
2016-17,NYK,39.8,89.3,0.446,8.9,25.1,0.356,39.08,16.18,16.61,27.63,0.5,12.76
2015-16,NYK,36.9,84,0.439,7.4,21.5,0.346,36.61,17.61,20.26,25.32,0.2,12.99
2014-15,NYK,35.1,82,0.428,6.8,19.7,0.347,35.82,15.54,24.65,23.73,0.27,13.27
2013-14,NYK,36.9,82.2,0.449,9.3,24.9,0.372,34.23,13.28,22.21,29.9,0.37,13.91
2012-13,NYK,36.5,81.6,0.448,10.9,28.9,0.376,35.73,10.09,18.7,34.98,0.49,14.15
2011-12,NYK,35.8,80.8,0.443,7.8,23.3,0.336,42.04,11.04,18.09,28.58,0.24,12.53
2010-11,NYK,38.3,83.7,0.457,9.3,25.4,0.368,40.13,11.68,17.88,30.1,0.21,13.05
2009-10,NYK,38.1,83.9,0.455,9.1,26.2,0.346,39.35,9.14,20.17,31.05,0.29,13.06
2008-09,NYK,38.5,86.5,0.445,10,27.9,0.36,41.59,10.9,15.41,31.76,0.34,12.5
2007-08,NYK,36.2,82.4,0.439,6,17.7,0.337,45.26,13.7,19.49,21.2,0.36,11.19
2006-07,NYK,35.4,77.5,0.457,5.8,16.7,0.346,50.13,10.29,18.08,21.18,0.33,10.52
2005-06,NYK,34.4,75.7,0.455,3.9,10.8,0.362,50.23,15.06,20.61,13.78,0.31,9.74
2004-05,NYK,36.3,80.5,0.451,5.4,15.1,0.356,40.07,16.09,25.11,18.38,0.35,11.76
2003-04,NYK,35.1,79.4,0.442,5,13.6,0.364,36.91,22.45,23.6,16.78,0.26,11.82
2002-03,NYK,36.2,82,0.441,7.4,19.3,0.383,30.87,23.51,22.22,23.18,0.21,13.12
2001-02,NYK,34.4,79.5,0.432,5.8,16.4,0.353,36,23.59,19.8,20.48,0.14,12.13
2000-01,NYK,33.6,75.6,0.444,4.8,13.6,0.351,38.84,22.83,20.36,17.8,0.18,11.56
1999-00,NYK,35.3,77.7,0.455,4.3,11.4,0.375,39.89,27.61,18.02,14.12,0.36,10.82
1998-99,NYK,32.2,74.1,0.435,4.2,11.8,0.353,44.2,23.43,16.47,15.66,0.24,10.45
1997-98,NYK,34.9,78.2,0.447,4.7,13.9,0.335,39.66,19.74,22.82,17.48,0.3,11.56
1996-97,NYK,35.1,75.9,0.463,5.7,15.8,0.363,44.07,20.43,25.19,10.14,0.18,10.39
1995-96,NYK,36.6,77.8,0.471,5.9,15.7,0.377,0,0,0,0,0,0
1994-95,NYK,36.4,78,0.467,6.5,17.6,0.368,0,0,0,0,0,0
1993-94,NYK,37.8,82.1,0.46,3.9,11.1,0.348,0,0,0,0,0,0
1992-93,NYK,39.1,84.1,0.465,2.4,7.4,0.32,0,0,0,0,0,0
1991-92,NYK,40.4,84.7,0.477,2.5,7.5,0.325,0,0,0,0,0,0
1990-91,NYK,40.3,83.2,0.485,2.3,6.8,0.332,0,0,0,0,0,0
1989-90,NYK,41.9,86.5,0.484,2.9,8.7,0.332,0,0,0,0,0,0
1988-89,NYK,45.1,92.8,0.486,4.7,14,0.337,0,0,0,0,0,0
1987-88,NYK,41,88.2,0.465,2.2,6.9,0.316,0,0,0,0,0,0
1986-87,NYK,40.6,85.6,0.474,1.5,4.6,0.333,0,0,0,0,0,0
1985-86,NYK,39.5,85.8,0.46,1,2.9,0.343,0,0,0,0,0,0
1984-85,NYK,41.9,86.6,0.484,0.6,2.4,0.258,0,0,0,0,0,0
1983-84,NYK,41.3,83.4,0.495,0.6,2,0.285,0,0,0,0,0,0
1982-83,NYK,39.9,82.8,0.482,0.4,1.6,0.252,0,0,0,0,0,0
1981-82,NYK,43,87.5,0.491,0.7,2.6,0.271,0,0,0,0,0,0
1980-81,NYK,42.7,88.5,0.483,0.7,2.9,0.237,0,0,0,0,0,0
1979-80,NYK,46.4,93.6,0.496,0.5,2.3,0.22,0,0,0,0,0,0
2016-17,OKC,40.8,88.8,0.459,9,25.7,0.348,45.41,15.66,9.97,28.73,0.23,11.53
2015-16,OKC,41.1,86.4,0.476,8.3,23.7,0.349,42.72,15.02,14.72,27.41,0.14,11.95
2014-15,OKC,38.8,86.8,0.447,7.7,22.7,0.339,43.3,14.14,16.42,25.98,0.16,11.93
2013-14,OKC,39,82.7,0.471,8.1,22.4,0.361,39.88,16.3,16.71,26.85,0.27,12.48
2012-13,OKC,38.1,79.3,0.481,7.3,19.4,0.377,40.32,16.7,18.56,24.2,0.22,12.11
2011-12,OKC,37.3,79.2,0.471,7.2,20,0.358,41.17,16.12,17.48,25,0.23,12.1
2010-11,OKC,37.4,80.6,0.464,5.9,17.1,0.347,41.3,15.76,21.71,21.02,0.21,11.97
2009-10,OKC,37.4,80.8,0.462,5.1,15,0.34,42.57,16.61,22.27,18.45,0.11,11.11
2008-09,OKC,36.6,81.9,0.447,4,11.6,0.346,43.71,17.37,24.69,14.02,0.21,10.7
2007-08,SEA,38.1,85.8,0.444,3.8,11.5,0.333,40,19.01,27.66,13.25,0.09,11.28
2006-07,SEA,37.2,80.8,0.46,6.4,17.7,0.362,42.92,18.13,17.04,21.66,0.26,11.47
2005-06,SEA,37.5,81.8,0.459,7.4,19.9,0.371,41.07,16.23,18.43,23.92,0.36,12.15
2004-05,SEA,35.1,79.2,0.444,8.1,22.2,0.365,40.12,15.34,16.5,27.73,0.31,12.49
2003-04,SEA,35.8,80.4,0.446,8.8,23.6,0.373,36.85,15.58,18.3,28.98,0.28,13.12
2002-03,SEA,35.2,80.5,0.437,5.6,15.7,0.353,38.4,17.02,24.91,19.48,0.2,12.2
2001-02,SEA,38.2,81.5,0.469,6,15.8,0.378,42.96,16.15,21.57,19.2,0.12,11.43
2000-01,SEA,36.9,81.1,0.456,5.7,14.3,0.399,49.74,16.27,16.42,17.4,0.17,10.28
1999-00,SEA,37.9,84.7,0.447,6.7,19.6,0.339,41.53,12.97,22.4,22.99,0.1,12.16
1998-99,SEA,35.1,79.5,0.442,6.2,18,0.344,44.62,15.82,17.03,22.43,0.1,11.39
1997-98,SEA,37.2,78.8,0.473,7.6,19.1,0.396,43.83,14.3,17.63,24.19,0.05,11.55
1996-97,SEA,36.5,78.2,0.467,6.8,19.3,0.353,51.19,12.54,25.06,11.02,0.19,9.83
1995-96,SEA,37.5,78.1,0.48,7.1,19.5,0.364,0,0,0,0,0,0
1994-95,SEA,40.4,82.2,0.491,6,15.9,0.376,0,0,0,0,0,0
1993-94,SEA,40.7,84.2,0.484,3,8.8,0.335,0,0,0,0,0,0
1992-93,SEA,42.4,87.1,0.486,2.7,7.4,0.357,0,0,0,0,0,0
1991-92,SEA,41.2,86.9,0.474,2.5,7.9,0.317,0,0,0,0,0,0
1990-91,SEA,42.7,86.8,0.492,1.7,5.2,0.319,0,0,0,0,0,0
1989-90,SEA,42.3,88.3,0.479,2.8,7.9,0.355,0,0,0,0,0,0
1988-89,SEA,43.5,91.2,0.477,3.6,9.4,0.379,0,0,0,0,0,0
1987-88,SEA,43.2,90.8,0.476,2.7,7.8,0.346,0,0,0,0,0,0
1986-87,SEA,43.8,90.9,0.482,2.3,7,0.335,0,0,0,0,0,0
1985-86,SEA,40.7,86.1,0.472,1,3.7,0.263,0,0,0,0,0,0
1984-85,SEA,40,84.3,0.474,0.5,2.3,0.243,0,0,0,0,0,0
1983-84,SEA,42.2,86.4,0.488,0.3,1.7,0.193,0,0,0,0,0,0
1982-83,SEA,43.9,88.7,0.494,0.4,1.7,0.21,0,0,0,0,0,0
1981-82,SEA,42.7,87.5,0.488,0.5,1.9,0.248,0,0,0,0,0,0
1980-81,SEA,40.8,87.1,0.468,0.4,1.4,0.274,0,0,0,0,0,0
1979-80,SEA,43.3,92.3,0.47,0.7,2.3,0.312,0,0,0,0,0,0
2016-17,ORL,35.1,85.2,0.412,7.8,24.6,0.317,40.07,14.12,17.12,28.3,0.39,12.85
2015-16,ORL,39.5,86.8,0.455,7.8,22.2,0.35,40.92,13.01,20.6,25.14,0.34,12.52
2014-15,ORL,37.5,82.8,0.453,6.8,19.5,0.347,45.47,13.8,17.14,23.37,0.22,11.56
2013-14,ORL,36.9,82.7,0.445,6.9,19.5,0.353,39.21,14.1,23.19,23.25,0.25,12.63
2012-13,ORL,37.7,84.2,0.448,6.2,18.7,0.329,41.85,15.3,20.6,22.15,0.12,12.09
2011-12,ORL,34.5,78.2,0.441,10.2,27,0.375,41.64,8.58,14.94,34.6,0.24,13.39
2010-11,ORL,36,78.2,0.461,9.4,25.6,0.366,38.06,12.75,16.41,32.41,0.37,13.58
2009-10,ORL,36.6,78,0.47,10.3,27.3,0.375,38.52,12.03,14.4,34.64,0.41,13.29
2008-09,ORL,35.7,78.2,0.457,10,26.2,0.381,36.74,14.34,15.51,33.21,0.2,13.21
2007-08,ORL,37.3,78.6,0.474,9.8,25.3,0.386,41.13,13.56,13.17,31.83,0.31,12.42
2006-07,ORL,35.1,74.3,0.472,4.2,11.7,0.356,46.95,14.88,22.49,15.55,0.13,10.4
2005-06,ORL,35.5,75.2,0.472,3.6,9.7,0.376,45.18,16.08,25.81,12.72,0.21,10.56
2004-05,ORL,37,81.5,0.454,3.9,11.2,0.349,40.14,18.61,27.61,13.51,0.14,11.24
2003-04,ORL,35.4,82.5,0.429,5.2,15.2,0.344,35.73,18.53,27.33,18.31,0.1,12.39
2002-03,ORL,35.9,82.5,0.436,6.9,19.4,0.357,35.11,11.96,29.55,23.19,0.19,13.11
2001-02,ORL,37.6,84.1,0.448,7.6,20.2,0.373,38.23,13.36,24.34,23.93,0.14,12.57
2000-01,ORL,36.7,83.8,0.438,6,16.4,0.364,38.24,16.21,25.99,19.29,0.28,12.18
1999-00,ORL,38.6,85.5,0.452,3.6,10.6,0.338,42.51,17.58,27.52,12.18,0.21,10.82
1998-99,ORL,33.7,78.9,0.428,4.5,13.5,0.33,39.48,17.95,25.39,16.71,0.47,11.71
1997-98,ORL,33.8,78.7,0.429,3.6,11.1,0.323,40.35,17.82,27.85,13.72,0.25,11.3
1996-97,ORL,34.6,79.2,0.437,6.9,20.3,0.341,44.41,16.04,27.91,11.41,0.25,10.91
1995-96,ORL,39.1,81,0.482,7.6,20.1,0.378,0,0,0,0,0,0
1994-95,ORL,42.2,84.1,0.502,6.4,17.2,0.37,0,0,0,0,0,0
1993-94,ORL,40.7,83.9,0.485,4.8,13.9,0.347,0,0,0,0,0,0
1992-93,ORL,39.7,81.8,0.486,3.9,10.8,0.357,0,0,0,0,0,0
1991-92,ORL,39.3,86.6,0.453,2.4,7.4,0.324,0,0,0,0,0,0
1990-91,ORL,40.2,88.5,0.455,3.3,9.2,0.358,0,0,0,0,0,0
1989-90,ORL,42.2,91.8,0.459,1.4,4.8,0.295,0,0,0,0,0,0
2016-17,PHI,36.7,84.6,0.434,10.7,29.2,0.366,39.35,12.92,13.45,34.15,0.13,13.36
2015-16,PHI,36.2,84,0.431,9.3,27.5,0.339,44.42,12.85,9.98,32.52,0.23,12.42
2014-15,PHI,33.7,82.6,0.408,8.4,26.3,0.32,47.15,9.25,11.75,31.59,0.27,12.22
2013-14,PHI,37.9,87.2,0.435,7,22.5,0.312,51.3,11.75,11.14,25.53,0.28,10.91
2012-13,PHI,37.3,84.1,0.444,6.3,17.5,0.36,38.47,17.84,22.85,20.67,0.17,12.25
2011-12,PHI,37.4,83.6,0.448,5.3,14.6,0.362,36.88,23.18,22.59,17.14,0.21,12.06
2010-11,PHI,38.1,82.6,0.461,5.4,15.2,0.355,39.05,21.16,21.28,18.27,0.24,11.95
2009-10,PHI,37.6,81.8,0.46,5.8,16.8,0.343,39.52,18.95,20.84,20.3,0.39,11.75
2008-09,PHI,36.5,79.7,0.459,4.2,13.1,0.318,45.6,17.61,20.38,16.08,0.34,10.44
2007-08,PHI,37.3,81.1,0.46,3.7,11.6,0.317,43.73,19.32,22.6,13.86,0.5,10.6
2006-07,PHI,35.8,78.1,0.458,3.5,10,0.345,40.39,20.63,26.15,12.52,0.31,11.02
2005-06,PHI,36.6,79.8,0.458,4.6,12.6,0.364,43.37,18.9,22.03,15.54,0.17,10.71
2004-05,PHI,35.9,82.1,0.437,6.2,17.7,0.348,41.32,15.89,21.26,21.39,0.14,11.65
2003-04,PHI,32.7,76.3,0.428,4.1,12.1,0.342,40.83,21.74,21.58,15.7,0.14,10.93
2002-03,PHI,36.3,81,0.448,3,9.6,0.311,46.75,21.3,20.07,11.72,0.17,9.74
2001-02,PHI,34.2,78.5,0.436,2.6,8.7,0.299,40.65,26.48,21.78,11.02,0.08,10.51
2000-01,PHI,35.4,79.1,0.447,3.2,9.8,0.326,42.78,26.44,18.42,12.16,0.2,10.45
1999-00,PHI,36.5,82.6,0.442,2.5,7.8,0.323,44.57,26.37,19.42,9.52,0.12,9.95
1998-99,PHI,33.1,77.7,0.426,2,7.4,0.264,43.5,25.86,21.09,9.37,0.18,10.17
1997-98,PHI,34.6,78.2,0.443,3,9.9,0.3,46.63,23.31,17.46,12.45,0.14,9.86
1996-97,PHI,36.6,83.5,0.438,5.3,16.5,0.319,49.12,18.23,19.09,13.37,0.19,9.6
1995-96,PHI,34.1,78.3,0.436,6,17.5,0.342,0,0,0,0,0,0
1994-95,PHI,36,80.2,0.448,4.3,11.4,0.379,0,0,0,0,0,0
1993-94,PHI,37.8,83.2,0.455,3.9,11.5,0.338,0,0,0,0,0,0
1992-93,PHI,39.3,86.3,0.456,4,11.5,0.351,0,0,0,0,0,0
1991-92,PHI,38.9,82.5,0.471,2.8,8.3,0.334,0,0,0,0,0,0
1990-91,PHI,40.1,84.5,0.475,2.4,7.5,0.316,0,0,0,0,0,0
1989-90,PHI,41.9,85.7,0.489,2.3,6.6,0.348,0,0,0,0,0,0
1988-89,PHI,42.7,87.8,0.486,2.5,7.9,0.316,0,0,0,0,0,0
1987-88,PHI,39.2,82.7,0.474,1.9,5.7,0.323,0,0,0,0,0,0
1986-87,PHI,40.7,82.8,0.491,1.1,4.1,0.259,0,0,0,0,0,0
1985-86,PHI,41.9,86.1,0.487,0.6,2.7,0.228,0,0,0,0,0,0
1984-85,PHI,42,85.3,0.492,0.7,2.7,0.263,0,0,0,0,0,0
1983-84,PHI,41.3,83.3,0.495,0.4,1.3,0.271,0,0,0,0,0,0
1982-83,PHI,43.9,88,0.499,0.3,1.3,0.229,0,0,0,0,0,0
1981-82,PHI,44.1,85,0.518,0.5,1.7,0.295,0,0,0,0,0,0
1980-81,PHI,44.3,86.3,0.514,0.2,1,0.226,0,0,0,0,0,0
1979-80,PHI,43,87.3,0.492,0.3,1.5,0.216,0,0,0,0,0,0
2016-17,PHO,39.2,88.8,0.441,7.5,22.6,0.33,41.29,16.17,17.06,25.12,0.36,12.24
2015-16,PHO,37.2,85.6,0.435,9,25.8,0.348,41.74,12.58,15.53,29.94,0.21,12.61
2014-15,PHO,38.8,85.8,0.452,8.5,25,0.341,39.64,16.01,15.26,28.77,0.33,12.61
2013-14,PHO,38.7,83.5,0.463,9.3,25.1,0.372,40.23,15.46,14.31,29.77,0.23,12.6
2012-13,PHO,37.3,84.4,0.443,5.9,17.7,0.33,40.03,15.25,23.68,20.79,0.25,12.25
2011-12,PHO,37.8,82.5,0.458,6.7,19.6,0.343,37.83,15.81,22.5,23.62,0.24,12.79
2010-11,PHO,39.3,83.5,0.47,8.5,22.6,0.377,38.31,15.3,19.26,26.88,0.25,12.89
2009-10,PHO,40.7,82.8,0.492,8.9,21.6,0.412,40.05,15.28,18.57,25.85,0.25,12.13
2008-09,PHO,41.1,81.6,0.504,6.7,17.6,0.383,47.19,15.49,15.79,21.2,0.33,10.61
2007-08,PHO,41.4,82.7,0.5,8.5,21.5,0.393,38.28,14.58,21.22,25.81,0.12,12.36
2006-07,PHO,41.3,83.6,0.494,9.6,24,0.399,37.6,13.67,20.11,28.39,0.24,12.75
2005-06,PHO,41.8,87.4,0.479,10.2,25.6,0.399,30.78,13.8,26.17,29.06,0.18,14.01
2004-05,PHO,40.9,85.6,0.477,9.7,24.7,0.393,37.08,16.81,17.28,28.44,0.38,12.61
2003-04,PHO,36.1,81.4,0.443,5.1,14.7,0.345,41.54,19.43,21.07,17.69,0.27,11.07
2002-03,PHO,36.6,82.6,0.443,4.8,14,0.343,42.87,18.93,21.31,16.62,0.27,10.91
2001-02,PHO,37.8,84.6,0.447,4.4,13.4,0.327,43.16,20.22,20.82,15.68,0.12,10.7
2000-01,PHO,35.9,82.4,0.436,4,12.9,0.315,38.8,21.02,24.6,15.33,0.25,11.55
1999-00,PHO,37.7,82.6,0.457,5.6,15.2,0.368,42.48,18.54,21.12,17.7,0.16,11.09
1998-99,PHO,35.9,80.1,0.449,5.2,14,0.372,37.27,22.06,22.92,17.61,0.14,11.8
1997-98,PHO,38.3,81.8,0.468,5.3,14.8,0.356,40.6,22.4,19.23,17.63,0.15,11.13
1996-97,PHO,38.3,81.8,0.469,6.4,17.4,0.369,43.34,20.33,28.17,7.96,0.19,10.58
1995-96,PHO,38.5,81.4,0.473,4,12,0.332,0,0,0,0,0,0
1994-95,PHO,40.9,85,0.482,7.1,19.3,0.369,0,0,0,0,0,0
1993-94,PHO,41.8,86.3,0.484,4.2,12.7,0.33,0,0,0,0,0,0
1992-93,PHO,42.6,86.5,0.493,4.9,13.4,0.363,0,0,0,0,0,0
1991-92,PHO,43.3,88,0.492,2.8,7.3,0.381,0,0,0,0,0,0
1990-91,PHO,43.6,87.8,0.496,1.7,5.3,0.319,0,0,0,0,0,0
1989-90,PHO,43.2,87.1,0.496,2.1,6.6,0.324,0,0,0,0,0,0
1988-89,PHO,45.8,92,0.498,2,5.9,0.349,0,0,0,0,0,0
1987-88,PHO,43.3,89,0.486,1.4,4.4,0.331,0,0,0,0,0,0
1986-87,PHO,43.6,87.7,0.497,0.7,3.1,0.242,0,0,0,0,0,0
1985-86,PHO,42.9,85.3,0.503,0.5,2.2,0.208,0,0,0,0,0,0
1984-85,PHO,42.8,87.1,0.491,1.1,3.7,0.283,0,0,0,0,0,0
1983-84,PHO,44.8,88,0.509,0.9,3.5,0.254,0,0,0,0,0,0
1982-83,PHO,43.4,87.3,0.497,0.5,1.9,0.253,0,0,0,0,0,0
1981-82,PHO,42.8,87.1,0.491,0.7,2.1,0.31,0,0,0,0,0,0
1980-81,PHO,43.7,89.3,0.49,0.4,2,0.217,0,0,0,0,0,0
1979-80,PHO,43.5,88.2,0.493,0.8,3.4,0.243,0,0,0,0,0,0
2016-17,POR,40.5,88.1,0.46,11.1,30.4,0.363,39.15,12.73,13.64,34.2,0.28,13.36
2015-16,POR,38.6,85.9,0.45,10.5,28.5,0.37,39.08,12.02,15.66,33.04,0.2,13.33
2014-15,POR,38.7,86,0.45,9.8,27.2,0.362,35.47,13.95,18.96,31.41,0.21,13.74
2013-14,POR,39.1,87,0.45,9.4,25.3,0.372,36.09,14.1,20.75,28.89,0.17,13.4
2012-13,POR,36.7,81.9,0.448,8.2,23.2,0.353,37.99,12.54,21.14,28.11,0.22,13.12
2011-12,POR,36.4,82.1,0.443,7.2,20.9,0.346,40.89,12.02,21.58,25.2,0.31,12.51
2010-11,POR,36,80.5,0.447,6.3,18.3,0.345,41.6,15.03,20.58,22.42,0.36,12.13
2009-10,POR,36.3,78.7,0.461,6,16.9,0.354,35.55,17.45,25.49,21.04,0.46,12.52
2008-09,POR,36.8,79.2,0.465,7.3,19,0.383,38.19,14.82,23.08,23.42,0.5,12.4
2007-08,POR,35.8,79.8,0.448,6.6,17.4,0.377,30.19,16.87,31.19,21.21,0.55,13.75
2006-07,POR,35,78,0.45,5.2,15,0.346,42.48,12.85,25.36,18.82,0.5,11.81
2005-06,POR,34,76.4,0.445,4.4,12.7,0.349,42.64,12.57,28.25,16.2,0.34,11.55
2004-05,POR,35.3,78.3,0.451,5.1,14.2,0.362,45.99,14.54,21.48,17.77,0.22,10.81
2003-04,POR,35.3,78.9,0.448,4.6,13.4,0.346,42.94,18.25,21.82,16.78,0.22,11.14
2002-03,POR,36.4,79.2,0.46,4.6,14,0.33,43.63,17.18,21.55,17.22,0.42,11.07
2001-02,POR,36.6,81.4,0.45,5.7,16.1,0.354,39.65,15.11,25.53,19.47,0.24,12.01
2000-01,POR,36.6,78.3,0.468,4.5,12.9,0.349,40.98,17.16,25.43,16.21,0.22,11.49
1999-00,POR,36.8,78.4,0.47,5,13.8,0.361,42.55,15.93,24.01,17.22,0.3,11.38
1998-99,POR,34.9,79.1,0.442,4.9,13.5,0.364,41.51,16.59,24.74,16.95,0.21,11.6
1997-98,POR,35.2,78,0.451,4,12.8,0.309,47.88,18.92,18.1,14.94,0.16,10.13
1996-97,POR,36.6,78.8,0.464,6.1,17.1,0.358,51.15,18.41,23.48,6.82,0.14,9.39
1995-96,POR,37.4,81.6,0.458,5.9,16.6,0.353,0,0,0,0,0,0
1994-95,POR,39.2,87,0.451,5.6,15.4,0.365,0,0,0,0,0,0
1993-94,POR,41.1,90.6,0.454,3.3,9.4,0.353,0,0,0,0,0,0
1992-93,POR,41,89.5,0.458,3.4,10.3,0.326,0,0,0,0,0,0
1991-92,POR,42.4,89.7,0.473,4,11.5,0.344,0,0,0,0,0,0
1990-91,POR,43.6,89.9,0.485,4.2,11,0.377,0,0,0,0,0,0
1989-90,POR,43.6,92,0.473,2.3,6.9,0.336,0,0,0,0,0,0
1988-89,POR,45.1,95.1,0.474,2.6,7.9,0.335,0,0,0,0,0,0
1987-88,POR,44.6,91,0.491,1.4,4.6,0.308,0,0,0,0,0,0
1986-87,POR,44.5,88.4,0.504,1.2,4.1,0.289,0,0,0,0,0,0
1985-86,POR,44,88.8,0.496,0.9,3.4,0.269,0,0,0,0,0,0
1984-85,POR,45.2,89.9,0.503,0.6,2.5,0.252,0,0,0,0,0,0
1983-84,POR,44.3,87.7,0.505,0.3,1.6,0.194,0,0,0,0,0,0
1982-83,POR,42.2,86.9,0.486,0.4,1.8,0.233,0,0,0,0,0,0
1981-82,POR,44.3,87.6,0.505,0.4,1.7,0.207,0,0,0,0,0,0
1980-81,POR,45.6,91.9,0.496,0.3,1.8,0.169,0,0,0,0,0,0
1979-80,POR,41.6,87.4,0.476,0.3,1.6,0.197,0,0,0,0,0,0
2016-17,SAC,37.7,83.2,0.454,8.2,23.3,0.351,43.42,12.56,16.03,27.66,0.33,12.45
2015-16,SAC,40,86.4,0.464,8,22.4,0.359,48.15,10.36,15.52,25.71,0.25,11.68
2014-15,SAC,36.7,80.7,0.455,5.6,16.5,0.341,48.18,13.14,18.19,20.28,0.22,11.05
2013-14,SAC,36.9,82.5,0.447,6,18,0.333,44.99,14.44,18.77,21.64,0.16,11.78
2012-13,SAC,37.6,84.2,0.447,7.4,20.5,0.363,47.03,11.43,17.19,24.09,0.26,11.72
2011-12,SAC,37.7,86.5,0.436,6.2,19.7,0.316,49.34,10.79,17.12,22.45,0.3,11.26
2010-11,SAC,38.2,85.1,0.449,5.2,15.6,0.335,44.92,14.69,22.12,17.9,0.37,11.5
2009-10,SAC,38.3,84.1,0.456,5.9,16.9,0.349,45.1,12.9,21.96,19.8,0.25,11.21
2008-09,SAC,36.5,81.5,0.447,7.1,19.4,0.368,39.49,13.68,22.99,23.52,0.3,12.37
2007-08,SAC,37.1,80,0.464,6.2,16.7,0.373,42.06,13.19,23.91,20.68,0.17,11.68
2006-07,SAC,35.9,79.7,0.45,6.5,18.5,0.35,40.19,11.11,25.54,23.03,0.14,12.33
2005-06,SAC,36,79.3,0.454,6,17.2,0.351,37.52,9.37,31.38,21.51,0.22,12.9
2004-05,SAC,39.1,85.1,0.459,6.4,17,0.374,35.32,10.96,33.66,19.88,0.17,13.04
2003-04,SAC,37.8,81.8,0.462,7.3,18.3,0.401,38.13,11.22,28.36,22.02,0.27,12.63
2002-03,SAC,39.5,85.2,0.464,6,15.7,0.381,39.31,12.98,29.33,17.95,0.43,12.18
2001-02,SAC,39.8,85.4,0.467,5.2,14.1,0.367,42.74,12.89,27.82,16.44,0.11,11.29
2000-01,SAC,38.2,85,0.449,5.8,16.5,0.354,44.76,12.86,22.99,19.08,0.32,11.41
1999-00,SAC,40,88.9,0.45,6.5,20.2,0.322,43.72,14.35,19.03,22.56,0.34,11.81
1998-99,SAC,38.4,86.1,0.445,5.8,18.9,0.308,47.1,14.55,16.27,21.82,0.27,11.13
1997-98,SAC,36.1,81.5,0.442,3.5,9.8,0.351,43.99,20.13,23.81,11.86,0.21,10.56
1996-97,SAC,36.6,80.6,0.454,5,12.9,0.391,43.04,19.68,30.5,6.69,0.09,10.51
1995-96,SAC,36.2,79.2,0.457,5.6,14.6,0.387,0,0,0,0,0,0
1994-95,SAC,36.9,78.8,0.468,4.4,12.6,0.346,0,0,0,0,0,0
1993-94,SAC,38.8,85.7,0.452,3.1,8.9,0.353,0,0,0,0,0,0
1992-93,SAC,41,88.6,0.463,3.2,9.6,0.332,0,0,0,0,0,0
1991-92,SAC,40.8,87.7,0.466,2.9,8.2,0.353,0,0,0,0,0,0
1990-91,SAC,37.6,83.1,0.453,2.6,7,0.374,0,0,0,0,0,0
1989-90,SAC,40.3,86,0.468,2.6,7.9,0.333,0,0,0,0,0,0
1988-89,SAC,41,89.6,0.457,3.7,10,0.373,0,0,0,0,0,0
1987-88,SAC,42.2,89.5,0.471,1.8,5.5,0.32,0,0,0,0,0,0
1986-87,SAC,43,90.4,0.475,0.9,3.7,0.251,0,0,0,0,0,0
1985-86,SAC,43.1,88,0.49,0.4,1.6,0.224,0,0,0,0,0,0
1984-85,KCK,44.7,88.7,0.504,0.8,2.9,0.265,0,0,0,0,0,0
1983-84,KCK,42.9,88.2,0.486,0.6,2.3,0.275,0,0,0,0,0,0
1982-83,KCK,45.4,91.3,0.497,0.6,2.6,0.237,0,0,0,0,0,0
1981-82,KCK,44,88.8,0.495,0.3,1.6,0.2,0,0,0,0,0,0
1980-81,KCK,43.6,87.2,0.5,0.6,2,0.292,0,0,0,0,0,0
1979-80,KCK,43.7,91.3,0.478,0.3,1.4,0.219,0,0,0,0,0,0
2016-17,SAS,37,80.4,0.46,8.8,21.9,0.4,35.04,16.57,21.15,26.98,0.26,13.29
2015-16,SAS,40.1,82.9,0.484,7,18.5,0.375,38.78,18.74,20.19,22.06,0.22,12.19
2014-15,SAS,39.1,83.6,0.468,8.3,22.5,0.367,43.01,15.28,14.78,26.78,0.15,12.05
2013-14,SAS,40.6,83.5,0.486,8.5,21.4,0.397,43.3,12.98,18.06,25.46,0.2,12.08
2012-13,SAS,39.1,81.4,0.481,8.1,21.5,0.376,43.75,13.56,16.27,26.19,0.22,11.98
2011-12,SAS,39.6,82.8,0.478,8.4,21.3,0.393,43.43,14.43,16.36,25.65,0.13,11.96
2010-11,SAS,38.4,80.8,0.475,8.4,21.1,0.397,41.43,15.8,16.74,25.9,0.14,12.17
2009-10,SAS,38.4,81.2,0.473,6.8,18.9,0.358,42.17,14.36,20.26,23.01,0.2,11.76
2008-09,SAS,37.1,79.7,0.466,7.6,19.8,0.386,36.37,13.96,25.42,24.01,0.24,12.97
2007-08,SAS,35.8,78.3,0.457,7.2,19.6,0.369,36.41,15.78,22.99,24.62,0.21,12.82
2006-07,SAS,36.6,77.2,0.474,7.3,19,0.381,40.81,14.32,20.49,24.22,0.16,12.19
2005-06,SAS,36.5,77.3,0.472,6.4,16.6,0.385,44.07,15.04,19.49,21.22,0.17,11.42
2004-05,SAS,35.6,78.7,0.453,6.2,17,0.363,44.91,16.25,17.35,21.29,0.2,11.19
2003-04,SAS,34.7,78.5,0.442,5,13.9,0.358,43.73,18.53,19.98,17.57,0.19,11.17
2002-03,SAS,35.5,76.8,0.462,5.5,15.5,0.354,46.17,17.31,16.31,19.99,0.21,10.83
2001-02,SAS,35.5,77.6,0.458,5.3,14.8,0.362,43.06,22.57,15.34,18.88,0.14,10.8
2000-01,SAS,35.2,76.4,0.461,5.4,13.3,0.407,39.38,22.68,20.48,17.21,0.26,11.46
1999-00,SAS,36,78,0.462,4,10.8,0.374,43.52,22,20.73,13.59,0.16,10.64
1998-99,SAS,34.8,76.2,0.456,3.4,10.4,0.33,45.84,19.29,21.13,13.55,0.19,10.38
1997-98,SAS,35.3,75.5,0.468,3.7,10.5,0.35,48.79,20.23,17.31,13.58,0.1,9.74
1996-97,SAS,34.5,77.9,0.442,4.6,14.4,0.32,49.4,15.46,26.5,8.62,0.03,9.5
1995-96,SAS,38.4,80.5,0.477,6.3,16.1,0.392,0,0,0,0,0,0
1994-95,SAS,39.5,81.5,0.484,5.3,14.1,0.375,0,0,0,0,0,0
1993-94,SAS,38.8,81.6,0.475,3,8.7,0.349,0,0,0,0,0,0
1992-93,SAS,40.4,82.5,0.49,2.9,8.4,0.341,0,0,0,0,0,0
1991-92,SAS,41.2,86.5,0.476,1.4,4.9,0.292,0,0,0,0,0,0
1990-91,SAS,41.6,85.2,0.488,1,3.6,0.273,0,0,0,0,0,0
1989-90,SAS,41.3,85.3,0.484,0.7,2.8,0.239,0,0,0,0,0,0
1988-89,SAS,42.3,90.4,0.468,0.8,3.6,0.215,0,0,0,0,0,0
1987-88,SAS,45.2,92.2,0.49,1.6,5,0.323,0,0,0,0,0,0
1986-87,SAS,43.1,90.9,0.474,1.4,4.9,0.29,0,0,0,0,0,0
1985-86,SAS,43.9,86.6,0.506,0.6,2.4,0.235,0,0,0,0,0,0
1984-85,SAS,45.1,87.8,0.513,0.7,2.5,0.272,0,0,0,0,0,0
1983-84,SAS,47.7,94.2,0.506,1,3.2,0.3,0,0,0,0,0,0
1982-83,SAS,45.1,89.5,0.504,1.1,3.8,0.305,0,0,0,0,0,0
1981-82,SAS,45.1,92.8,0.486,0.8,3.1,0.254,0,0,0,0,0,0
1980-81,SAS,43.5,88.7,0.491,0.2,1,0.176,0,0,0,0,0,0
1979-80,SAS,47,94.4,0.498,0.6,2.5,0.252,0,0,0,0,0,0
1978-79,SAS,47.9,94.6,0.506,0,0,0,0,0,0,0,0,0
1977-78,SAS,46.3,92.6,0.5,0,0,0,0,0,0,0,0,0
1976-77,SAS,45.3,93.4,0.485,0,0,0,0,0,0,0,0,0
1975-76,SAA,46.3,94.6,0.489,0.3,1.5,0.2,0,0,0,0,0,0
1974-75,SAA,45,94.2,0.478,0.5,1.9,0.261,0,0,0,0,0,0
1973-74,SAA,39.8,87.5,0.455,0.6,2.9,0.212,0,0,0,0,0,0
1972-73,DLC,41.7,91,0.458,1.7,5.2,0.33,0,0,0,0,0,0
1971-72,DLC,40,89.3,0.448,1.2,3.7,0.336,0,0,0,0,0,0
1970-71,TEX,47.2,106.4,0.443,2.9,9.2,0.311,0,0,0,0,0,0
1969-70,DLC,44.9,98.4,0.457,2.2,7,0.32,0,0,0,0,0,0
1968-69,DLC,40.8,91.7,0.445,1.2,3.9,0.316,0,0,0,0,0,0
1967-68,DLC,41.8,91.9,0.455,0.4,1.5,0.242,0,0,0,0,0,0
2016-17,TOR,39.6,84.2,0.47,8.9,23.6,0.379,39.25,15.83,16.89,27.84,0.2,12.82
2015-16,TOR,36.7,81.3,0.451,8.6,23.4,0.37,42.74,14.72,13.9,28.37,0.27,12.38
2014-15,TOR,37.9,83.3,0.455,8.9,25.1,0.352,41.43,13.82,14.52,30.05,0.18,12.77
2013-14,TOR,36.5,81.9,0.445,8.7,23.4,0.372,39.35,14.1,18.03,28.31,0.21,13.07
2012-13,TOR,36.3,81.5,0.446,7,20.3,0.343,37.76,15.41,21.94,24.74,0.15,13.03
2011-12,TOR,34.4,78.1,0.44,5.5,16.3,0.34,39.08,13.76,26.31,20.61,0.25,12.62
2010-11,TOR,38.3,82.4,0.465,4.2,13.3,0.316,44.5,14.86,24.49,15.88,0.27,11.3
2009-10,TOR,39,80.9,0.482,6.3,17,0.371,40.58,14.54,23.81,20.45,0.62,12.22
2008-09,TOR,37.2,81.4,0.458,5.8,15.7,0.372,33.45,17.83,29.45,19,0.27,12.72
2007-08,TOR,38.4,82,0.468,7,17.8,0.392,32.7,14.2,31.42,21.38,0.3,13.19
2006-07,TOR,37,79.8,0.463,6.5,17.9,0.363,35.02,15.3,27.33,22.1,0.24,12.78
2005-06,TOR,36.7,81,0.454,7.4,19.8,0.375,36.99,17.25,21.42,24.08,0.26,12.49
2004-05,TOR,36,81.2,0.444,7.9,20.5,0.385,37.44,16.7,20.71,24.86,0.29,12.51
2003-04,TOR,32.4,77.4,0.418,5.6,15.8,0.356,33.79,19.1,26.76,20.17,0.18,12.67
2002-03,TOR,34.7,81.3,0.427,5,14.5,0.343,37.11,18.7,26.29,17.66,0.24,12.06
2001-02,TOR,35.6,82,0.434,4.7,13.5,0.349,36.63,23.12,23.81,16.11,0.33,11.82
2000-01,TOR,37.2,85,0.437,5.2,14.2,0.369,35.18,18.07,30.05,16.42,0.27,12.44
1999-00,TOR,36.3,83.9,0.433,5.2,14.3,0.363,32.86,21.65,28.51,16.78,0.19,12.48
1998-99,TOR,33.2,78.8,0.421,4.5,13.2,0.341,39.89,22.75,20.68,16.44,0.23,11.24
1997-98,TOR,36.2,83.1,0.435,4.5,13.2,0.343,45.24,21.74,17.11,15.79,0.12,10.19
1996-97,TOR,35.3,80.9,0.437,7.2,19.8,0.363,45.94,18.23,25.36,10.22,0.24,10.36
1995-96,TOR,37.6,80.5,0.467,5,14.2,0.354,0,0,0,0,0,0
2016-17,UTA,36.2,78.5,0.461,8.8,25.7,0.344,39.76,14.89,12.6,32.55,0.2,12.86
2015-16,UTA,36.1,80.4,0.449,8.5,23.9,0.355,41.32,16.34,12.73,29.27,0.35,12.32
2014-15,UTA,35.4,79.2,0.447,7.4,21.7,0.343,43.59,12.93,16.01,27.17,0.29,12.19
2013-14,UTA,36,81.1,0.444,6.6,19.2,0.344,41.94,14.5,19.88,23.31,0.38,12.24
2012-13,UTA,37.1,81.8,0.454,6.2,16.9,0.366,42.52,14.52,22.32,20.37,0.27,11.98
2011-12,UTA,38.2,83.8,0.456,4.1,12.8,0.323,47.19,16.97,20.53,15.01,0.29,10.71
2010-11,UTA,37.4,80.4,0.465,5.3,15.3,0.346,43.34,15.54,22.03,18.8,0.29,11.59
2009-10,UTA,39.4,80.2,0.491,5.4,14.7,0.364,47.53,12.11,22.01,18.14,0.21,10.57
2008-09,UTA,38.3,80.8,0.475,4.8,13.7,0.349,45.06,12.07,26.01,16.63,0.23,10.87
2007-08,UTA,40,80.4,0.497,5,13.4,0.372,44.86,12.39,26.33,16.12,0.29,10.89
2006-07,UTA,37.4,78.9,0.474,4.3,12.9,0.335,43.95,14,25.76,16.06,0.23,11.03
2005-06,UTA,33.5,75.7,0.442,3.8,11.3,0.336,42.11,13.31,29.76,14.61,0.21,11.34
2004-05,UTA,34.5,76.8,0.449,3,9.3,0.328,40.25,16.46,31.47,11.54,0.29,11.29
2003-04,UTA,32.8,75.3,0.436,3.1,9.6,0.321,42.03,12.56,32.8,12.43,0.18,11.21
2002-03,UTA,35.3,75.5,0.468,2.7,7.8,0.349,41.75,16.56,31.44,10.08,0.17,10.81
2001-02,UTA,35,77.7,0.45,3.4,10.3,0.333,45.73,14.94,26.22,12.99,0.13,10.39
2000-01,UTA,36.1,76.7,0.471,4,10.4,0.381,45.06,15.53,26.04,13.24,0.13,10.56
1999-00,UTA,36.1,77.8,0.464,4,10.4,0.385,39.66,18.84,28.26,13.06,0.19,11.33
1998-99,UTA,33.7,72.4,0.465,2.8,7.8,0.361,45.37,17.15,26.66,10.69,0.12,10.23
1997-98,UTA,36.5,74.5,0.49,3,8.2,0.372,46.36,16.78,26.07,10.65,0.13,9.98
1996-97,UTA,38.2,75.8,0.504,4.1,11,0.37,47.12,18.87,27.28,6.64,0.08,9.64
1995-96,UTA,38.2,78.3,0.488,4.6,12.4,0.372,0,0,0,0,0,0
1994-95,UTA,39.5,77.3,0.512,3.7,9.8,0.376,0,0,0,0,0,0
1993-94,UTA,39.1,82.1,0.477,2.2,6.8,0.32,0,0,0,0,0,0
1992-93,UTA,40.7,83.3,0.489,1.6,5,0.314,0,0,0,0,0,0
1991-92,UTA,41.2,83.7,0.492,1.9,5.6,0.345,0,0,0,0,0,0
1990-91,UTA,39.2,79.7,0.492,1.8,5.6,0.323,0,0,0,0,0,0
1989-90,UTA,40.6,80.4,0.505,2.8,7.7,0.359,0,0,0,0,0,0
1988-89,UTA,38.8,80.4,0.482,1.4,4.6,0.3,0,0,0,0,0,0
1987-88,UTA,42.5,86.5,0.491,1.6,4.9,0.319,0,0,0,0,0,0
1986-87,UTA,42.5,91.6,0.464,1.7,5.5,0.31,0,0,0,0,0,0
1985-86,UTA,42.1,86.4,0.488,0.4,2.1,0.207,0,0,0,0,0,0
1984-85,UTA,42.4,89,0.476,1.3,3.7,0.336,0,0,0,0,0,0
1983-84,UTA,44,88.3,0.498,1.2,3.9,0.319,0,0,0,0,0,0
1982-83,UTA,43,89.5,0.48,0.5,2.2,0.24,0,0,0,0,0,0
1981-82,UTA,44.9,90.8,0.494,0.3,1.2,0.227,0,0,0,0,0,0
1980-81,UTA,40.6,83.2,0.488,0.5,2,0.258,0,0,0,0,0,0
1979-80,UTA,41.2,83.1,0.496,0.7,2.3,0.319,0,0,0,0,0,0
2016-17,WAS,39.3,87.7,0.448,7.5,22.1,0.341,39.46,17.58,17.85,24.9,0.2,12.46
2015-16,WAS,39.5,85.8,0.46,8.6,24.2,0.358,38.48,14.4,18.96,27.91,0.26,12.97
2014-15,WAS,38.3,82.8,0.462,6.1,16.8,0.36,39.57,17.11,22.96,20.16,0.19,12.11
2013-14,WAS,38.7,84.4,0.459,7.9,20.8,0.38,38.8,14.54,22.04,24.41,0.2,12.73
2012-13,WAS,35.5,81.6,0.435,6.6,18.2,0.365,37.66,18.44,21.58,22.12,0.21,12.6
2011-12,WAS,36.6,83,0.441,5.2,16.3,0.32,43.24,14.44,22.73,19.41,0.18,11.68
2010-11,WAS,37.2,84,0.443,4.8,14.4,0.332,41.58,16.58,24.67,16.97,0.2,11.7
2009-10,WAS,36.7,81.7,0.449,5.3,14.9,0.353,38.91,15.42,27.39,18.03,0.25,12.15
2008-09,WAS,36.5,81.2,0.45,4.8,14.6,0.33,42.81,14.95,24.27,17.82,0.15,11.45
2007-08,WAS,36.4,81.6,0.446,7,19.7,0.356,39.24,13.64,23.05,23.91,0.16,12.59
2006-07,WAS,37.4,83.2,0.45,6.8,19.7,0.348,39.1,10.31,26.88,23.48,0.22,12.76
2005-06,WAS,36.3,81.2,0.447,6.1,17,0.357,42.02,12.33,24.73,20.73,0.18,12.15
2004-05,WAS,36.2,82.9,0.437,6.3,18.3,0.343,41.88,15.46,20.64,21.77,0.25,12.07
2003-04,WAS,33.6,80,0.421,5.3,15.5,0.341,43.25,16.08,21.38,19.14,0.15,11.5
2002-03,WAS,34.3,78,0.44,3.1,9.9,0.312,33.03,23.38,30.9,12.64,0.05,12.29
2001-02,WAS,35.8,81.3,0.441,3.7,9.6,0.388,33.31,26.18,28.73,11.68,0.11,12.06
2000-01,WAS,34.5,78.7,0.439,3.4,10.3,0.324,41.44,25.23,20.19,13.05,0.09,10.86
1999-00,WAS,36.7,81.5,0.451,4.1,10.9,0.376,41.45,25.99,19.21,13.26,0.08,10.79
1998-99,WAS,35.4,79.4,0.445,3.6,11.6,0.309,39.12,23.96,22.5,14.36,0.06,11.26
1997-98,WAS,37.6,83.1,0.452,3.9,11.5,0.339,41.17,25.84,19.23,13.71,0.05,10.61
1996-97,WSB,39.1,81.4,0.48,4,12.2,0.331,48.51,24.25,16.95,10.13,0.16,9.15
1995-96,WSB,39,80.7,0.484,6,14.8,0.407,0,0,0,0,0,0
1994-95,WSB,38.7,84.1,0.46,5.3,15.4,0.343,0,0,0,0,0,0
1993-94,WSB,39,83.2,0.468,2.7,9.1,0.297,0,0,0,0,0,0
1992-93,WSB,40.3,86.2,0.467,2.1,7,0.301,0,0,0,0,0,0
1991-92,WSB,41,89,0.461,1.8,6.5,0.272,0,0,0,0,0,0
1990-91,WSB,41.3,88.6,0.466,0.7,3.5,0.194,0,0,0,0,0,0
1989-90,WSB,43.9,92.5,0.475,0.5,2.4,0.188,0,0,0,0,0,0
1988-89,WSB,42.9,92.6,0.464,0.6,3,0.214,0,0,0,0,0,0
1987-88,WSB,40.9,87.4,0.468,0.4,1.7,0.21,0,0,0,0,0,0
1986-87,WSB,40.9,90.2,0.454,0.5,2.7,0.197,0,0,0,0,0,0
1985-86,WSB,40.4,87.2,0.463,1.4,5,0.284,0,0,0,0,0,0
1984-85,WSB,43.1,90,0.479,1.3,4.9,0.274,0,0,0,0,0,0
1983-84,WSB,40.8,84.2,0.484,0.9,3.4,0.252,0,0,0,0,0,0
1982-83,WSB,40.3,86.1,0.468,0.9,2.9,0.295,0,0,0,0,0,0
1981-82,WSB,41.5,87.4,0.474,0.7,2.9,0.25,0,0,0,0,0,0
1980-81,WSB,43.3,91.7,0.472,0.8,2.9,0.27,0,0,0,0,0,0
1979-80,WSB,43.6,95.1,0.458,0.9,2.9,0.307,0,0,0,0,0,0